,Название фильмы и год выпуска,Описание,О фильме
0,Побег из Шоушенка (1994),https://topnaroda.com/rating/kino/37161-top-100-filmov-vseh-vremen.html,"
 Жанр -  драма ...
 Страна -  США 
 В ролях -  Тим Роббинс, Морган Фриман, Боб Гантон, Уильям Сэдлер, ...
   Бухгалтер Энди Дюфрейн обвинён в убийстве собственной жены и её любовника. Оказавшись в тюрьме под названием Шоушенк, он сталкивается с жестокостью и беззаконием, царящими по обе стороны решётки. Каждый, кто
"
1,Назад в будущее (1985),https://topnaroda.com/rating/kino/37161-top-100-filmov-vseh-vremen.html,"
 Жанр -  фантастика, комедия, приключения ...
 Страна -  США 
 В ролях -  Майкл Дж. Фокс, Кристофер Ллойд, Лиа Томпсон, Криспин ...
   Подросток Марти с помощью машины времени, сооружённой его другом-профессором доком Брауном, попадает из 80-х в далекие 50-е. Там он встречается со своими будущими родителями, ещё подростками, и
"
2,Зеленая миля (1999),https://topnaroda.com/rating/kino/37161-top-100-filmov-vseh-vremen.html,"
 Жанр -  драма, криминал ...
 Страна -  США 
 В ролях -  Том Хэнкс, Дэвид Морс, Бонни Хант, Майкл Кларк Дункан, ...
   Пол Эджкомб - начальник блока смертников в тюрьме «Холодная гора», каждый из узников которого однажды проходит «зеленую милю» по пути к месту казни. Пол повидал много заключённых и надзирателей за время
"
3,Иван Васильевич меняет профессию (1973),https://topnaroda.com/rating/kino/37161-top-100-filmov-vseh-vremen.html,"
 Жанр -  комедия, фантастика, приключения ...
 Страна -  СССР 
 В ролях -  Александр Демьяненко, Юрий Яковлев, Леонид Куравлёв, ...
   Инженер-изобретатель Тимофеев сконструировал машину времени, которая соединила его квартиру с далеким шестнадцатым веком - точнее, с палатами государя Ивана Грозного. Туда-то и попадают тезка царя
"
4,Бриллиантовая рука (1968),https://topnaroda.com/rating/kino/37161-top-100-filmov-vseh-vremen.html,"
 Жанр -  комедия, криминал ...
 Страна -  СССР 
 В ролях -  Юрий Никулин, Андрей Миронов, Анатолий Папанов, Нина ...
   В южном городке орудует шайка валютчиков, возглавляемая Шефом и его помощником Графом (в быту - Геной Козодоевым). Скромный советский служащий и примерный семьянин Семен Семенович Горбунков отправляется в
"
5,Законопослушный гражданин (2009),https://topnaroda.com/rating/kino/37161-top-100-filmov-vseh-vremen.html,"
 Жанр -  боевик, триллер, драма, криминал ...
 Страна -  США 
 В ролях -  Джейми Фокс, Джерард Батлер, Колм Мини, Брюс МакГилл, Лесли ...
   Окружной прокурор пошёл на сделку с преступниками и освободил их из тюрьмы. Тогда человек, чьи жена и ребёнок погибли от рук убийц, решает отомстить прокурору, совершив правосудие самостоятельно. Его ловят и
"
6,Апокалипсис (2006),https://topnaroda.com/rating/kino/37161-top-100-filmov-vseh-vremen.html,"
 Жанр -  боевик, триллер, драма, приключения ...
 Страна -  США, Мексика, Великобритания 
 В ролях -  Руди Янгблад, Далия Эрнандес, Джонатан Брюэр, Моррис ...
   В фильме показана жизнь цивилизации майя до прихода испанских конкистадоров: жестокие войны с соседними племенами, человеческие жертвоприношения, загадочные мистические ритуалы. В один день рушится мир индейца
"
7,Аватар (2009),https://topnaroda.com/rating/kino/37161-top-100-filmov-vseh-vremen.html,"
 Жанр -  фантастика, боевик, драма, приключения ...
 Страна -  США 
 В ролях -  Сэм Уортингтон, Зои Салдана, Сигурни Уивер, Стивен Лэнг, ...
   Бывший морпех Джейк Салли прикован к инвалидному креслу. Несмотря на немощное тело, Джейк в душе по-прежнему остается воином. Он получает задание совершить путешествие в несколько световых лет к базе землян на
"
8,1+1 (2011),https://topnaroda.com/rating/kino/37161-top-100-filmov-vseh-vremen.html,"
 Жанр -  драма, комедия, биография ...
 Страна -  Франция 
 В ролях -  Франсуа Клюзе, Омар Си, Анн Ле Ни, Одри Флеро, Жозефин де ...
   Пострадав в результате несчастного случая, богатый аристократ Филипп нанимает в помощники человека, который менее всего подходит для этой работы, – молодого жителя предместья Дрисса, только что освободившегося
"
9,Форрест Гамп (1994),https://topnaroda.com/rating/kino/37161-top-100-filmov-vseh-vremen.html,"
 Жанр -  драма, комедия, мелодрама, история, военный ...
 Страна -  США 
 В ролях -  Том Хэнкс, Робин Райт, Салли Филд, Гэри Синиз, Майкелти ...
   Сидя на автобусной остановке, Форрест Гамп - не очень умный, но добрый и открытый парень - рассказывает случайным встречным историю своей необыкновенной жизни. С самого малолетства парень страдал от
"
10,Назад в будущее 3 (1990),https://topnaroda.com/rating/kino/37161-top-100-filmov-vseh-vremen.html,"
 Жанр -  фантастика, комедия, приключения, вестерн ...
 Страна -  США 
 В ролях -  Майкл Дж. Фокс, Кристофер Ллойд, Мэри Стинберген, Томас Ф. ...
   Несмотря на просьбы Дока не навещать его в XIX веке, Марти вновь хочет вмешаться в ход событий и на машине времени уносится в 1885 год, навстречу Дикому Западу. Это путешествие, как и все прежние, не обходится
"
11,Назад в будущее 2 (1989),https://topnaroda.com/rating/kino/37161-top-100-filmov-vseh-vremen.html,"
 Жанр -  фантастика, приключения, боевик, комедия, семейный ...
 Страна -  США 
 В ролях -  Майкл Дж. Фокс, Кристофер Ллойд, Лиа Томпсон, Томас Ф. ...
   Продолжение фантастической истории о приключениях американского подростка во времени. На этот раз с помощью модернизированной Доком машины времени Марти из 80-х попадает в будущее. Дети Марти в беде, и их надо
"
12,Изгой (2000),https://topnaroda.com/rating/kino/37161-top-100-filmov-vseh-vremen.html,"
 Жанр -  драма, мелодрама, приключения ...
 Страна -  США 
 В ролях -  Том Хэнкс, Хелен Хант, Крис Нот, Ник Сирси, Дженифер Льюис, ...
   Инспектор логистической компании FedEx Чак Ноланд - трудоголик, у которого нет времени даже на собственную невесту. Во время очередной командировки самолет с Ноландом падает в Тихий океан. Чак, единственный,
"
13,Мумия возвращается (2001),https://topnaroda.com/rating/kino/37161-top-100-filmov-vseh-vremen.html,"
 Жанр -  фэнтези, боевик, триллер, приключения ...
 Страна -  США 
 В ролях -  Брендан Фрейзер, Рэйчел Вайс, Джон Ханна, Арнольд Вослу, ...
   Прошло десять лет... Наш отважный герой, искатель приключений Рик О'Конелл, теперь богат, счастливо женат на прекрасной Эвелин и воспитывает своего восьмилетнего сына Алекса. Но злой рок не дает очаровательной
"
14,Джентльмены (2019),https://topnaroda.com/rating/kino/37161-top-100-filmov-vseh-vremen.html,"
 Жанр -  криминал, комедия, боевик ...
 Страна -  Великобритания, США 
 В ролях -  Мэттью МакКонахи, Чарли Ханнэм, Генри Голдинг, Хью Грант, ...
   Один ушлый американец ещё со студенческих лет приторговывал наркотиками, а теперь придумал схему нелегального обогащения с использованием поместий обедневшей английской аристократии и очень неплохо на этом
"
15,Волк с Уолл-стрит (2013),https://topnaroda.com/rating/kino/37161-top-100-filmov-vseh-vremen.html,"
 Жанр -  драма, криминал, биография, комедия ...
 Страна -  США 
 В ролях -  Леонардо ДиКаприо, Джона Хилл, Марго Робби, Кайл Чандлер, ...
   1987 год. Джордан Белфорт становится брокером в успешном инвестиционном банке. Вскоре банк закрывается после внезапного обвала индекса Доу-Джонса. По совету жены Терезы Джордан устраивается в небольшое
"
16,Брат (1997),https://topnaroda.com/rating/kino/37161-top-100-filmov-vseh-vremen.html,"
 Жанр -  драма, криминал, боевик ...
 Страна -  Россия 
 В ролях -  Сергей Бодров мл., Виктор Сухоруков, Светлана Письмиченко, ...
   Демобилизовавшись, Данила Багров вернулся в родной городок. Но скучная жизнь российской провинции не устраивала его, и он решился податься в Петербург, где, по слухам, уже несколько лет процветает его старший
"
17,Зеленая книга (2018),https://topnaroda.com/rating/kino/37161-top-100-filmov-vseh-vremen.html,"
 Жанр -  биография, комедия, драма ...
 Страна -  США, Китай 
 В ролях -  Вигго Мортенсен, Махершала Али, Линда Карделлини, Себастьян ...
   1960-е годы. После закрытия нью-йоркского ночного клуба на ремонт вышибала Тони по прозвищу Болтун ищет подработку на пару месяцев. Как раз в это время Дон Ширли - утонченный светский лев, богатый и
"
18,Достучаться до небес (1997),https://topnaroda.com/rating/kino/37161-top-100-filmov-vseh-vremen.html,"
 Жанр -  драма, комедия, криминал ...
 Страна -  Германия 
 В ролях -  Тиль Швайгер, Ян Йозеф Лиферс, Тьерри Ван Вервеке, Мориц ...
   Волею судеб две абсолютные противоположности, тихоня Руди и разгильдяй Мартин, оказываются в одной больничной палате. Узнав неутешительные прогнозы, друзья решают использовать последние дни на полную катушку -
"
19,Между небом и землей (2005),https://topnaroda.com/rating/kino/37161-top-100-filmov-vseh-vremen.html,"
 Жанр -  фэнтези, драма, мелодрама, комедия ...
 Страна -  США 
 В ролях -  Риз Уизерспун, Марк Руффало, Донал Лог, Дина Спайби, Бен ...
   Вселившись в арендованную квартиру в Сан-Франциско и начав наводить там порядок, Дэвид неожиданно встречает в своем новом жилище привлекательную молодую женщину Элизабет, которая уверяет его, что именно она
"
20,Смертельная битва (1995),https://topnaroda.com/rating/kino/37161-top-100-filmov-vseh-vremen.html,"
 Жанр -  боевик, фэнтези, фантастика ...
 Страна -  США 
 В ролях -  Робин Шоу, Линден Эшби, Бриджит Уилсон, Кристофер Ламберт, ...
   Несколько столетий назад маг из другого мира Шан Цзун захватил древний воинский турнир. Его цель - ввергнуть наш мир в хаос. Чтобы спасти человечество от гибели, троим воинам предстоит смертельная битва с
"
21,Пролетая над гнездом кукушки (1975),https://topnaroda.com/rating/kino/37161-top-100-filmov-vseh-vremen.html,"
 Жанр -  драма ...
 Страна -  США 
 В ролях -  Джек Николсон, Луиза Флетчер, Уилл Сэмпсон, Брэд Дуриф, ...
   Рэндла Патрика Макмёрфи, патологического преступника и бунтаря, переводят из колонии в психиатрическую клинику, чтобы установить, является он душевнобольным или нет. В клинике он обнаруживает, что отделение
"
22,Одаренная (2017),https://topnaroda.com/rating/kino/37161-top-100-filmov-vseh-vremen.html,"
 Жанр -  драма ...
 Страна -  США 
 В ролях -  Крис Эванс, Маккенна Грейс, Линдси Дункан, Октавия Спенсер, ...
   Фрэнк Адлер живет в прибрежном городке во Флориде и воспитывает в одиночку свою необычайно одаренную племянницу Мэри. Но планы парня о спокойной школьной жизни для девочки рушатся, когда о математических
"
23,Чего хотят женщины (2000),https://topnaroda.com/rating/kino/37161-top-100-filmov-vseh-vremen.html,"
 Жанр -  мелодрама, комедия, фэнтези ...
 Страна -  США 
 В ролях -  Мэл Гибсон, Хелен Хант, Мариса Томей, Лорен Холли, Марк ...
   Сексапильный Ник Маршал находится на пике карьеры в рекламном агентстве и рассчитывает на повышение, но его место занимает Дарси Макгуайр. Однажды с Ником происходит несчастный случай, после которого он
"
24,Охотники за привидениями (1984),https://topnaroda.com/rating/kino/37161-top-100-filmov-vseh-vremen.html,"
 Жанр -  фантастика, фэнтези, боевик, комедия ...
 Страна -  США 
 В ролях -  Билл Мюррей, Дэн Эйкройд, Сигурни Уивер, Харольд Рэмис, Рик ...
   В конце двадцатого века оказывается, что в Нью - Йорке живут не только обычные граждане, но и... привидения. Многомиллионное население не может противостоять натиску сверхъестественного. В конце концов на пути
"
25,Один дома (1990),https://topnaroda.com/rating/kino/37161-top-100-filmov-vseh-vremen.html,"
 Жанр -  комедия, семейный ...
 Страна -  США 
 В ролях -  Маколей Калкин, Джо Пеши, Дэниел Стерн, Кэтрин О'Хара, Джон ...
   Американское семейство отправляется из Чикаго в Европу, но в спешке сборов бестолковые родители забывают дома... одного из своих детей. Юное создание, однако, не теряется и демонстрирует чудеса
"
26,Мстители: Война бесконечности (2018),https://topnaroda.com/rating/kino/37161-top-100-filmov-vseh-vremen.html,"
 Жанр -  фантастика, боевик, приключения ...
 Страна -  США 
 В ролях -  Роберт Дауни мл., Крис Хемсворт, Марк Руффало, Крис Эванс, ...
   Пока Мстители и их союзники продолжают защищать мир от различных опасностей, с которыми не смог бы справиться один супергерой, новая угроза возникает из космоса: Танос. Межгалактический тиран преследует цель
"
27,Бойцовский клуб (1999),https://topnaroda.com/rating/kino/37161-top-100-filmov-vseh-vremen.html,"
 Жанр -  триллер, драма, криминал ...
 Страна -  США, Германия 
 В ролях -  Эдвард Нортон, Брэд Питт, Хелена Бонем Картер, Мит Лоаф, ...
   Сотрудник страховой компании страдает хронической бессонницей и отчаянно пытается вырваться из мучительно скучной жизни. Однажды в очередной командировке он встречает некоего Тайлера Дёрдена - харизматического
"
28,Темный рыцарь (2008),https://topnaroda.com/rating/kino/37161-top-100-filmov-vseh-vremen.html,"
 Жанр -  фантастика, боевик, триллер, криминал, драма ...
 Страна -  США, Великобритания 
 В ролях -  Кристиан Бэйл, Хит Леджер, Аарон Экхарт, Мэгги Джилленхол, ...
   Бэтмен поднимает ставки в войне с криминалом. С помощью лейтенанта Джима Гордона и прокурора Харви Дента он намерен очистить улицы Готэма от преступности. Сотрудничество оказывается эффективным, но скоро они
"
29,Области тьмы (2011),https://topnaroda.com/rating/kino/37161-top-100-filmov-vseh-vremen.html,"
 Жанр -  триллер, драма, фантастика ...
 Страна -  США 
 В ролях -  Брэдли Купер, Роберт Де Ниро, Эбби Корниш, Эндрю Ховард, ...
   Нью-йоркский писатель Эдди, желая преодолеть чёрную полосу в жизни, принимает засекреченный препарат под названием NZT. Таблетка выводит мозг парня на работу в нереальной мощности. Этот творческий наркотик
"
30,Властелин колец: Братство Кольца (2001),https://topnaroda.com/rating/kino/37161-top-100-filmov-vseh-vremen.html,"
 Жанр -  фэнтези, приключения, драма ...
 Страна -  Новая Зеландия, США 
 В ролях -  Элайджа Вуд, Иэн Маккеллен, Шон Эстин, Вигго Мортенсен, ...
   Сказания о Средиземье - это хроника Великой войны за Кольцо, длившейся не одну тысячу лет. Тот, кто владел Кольцом, получал неограниченную власть, но был обязан служить злу. Тихая деревня, где живут хоббиты.
"
31,Марсианин (2015),https://topnaroda.com/rating/kino/37161-top-100-filmov-vseh-vremen.html,"
 Жанр -  фантастика, приключения ...
 Страна -  США, Великобритания, Венгрия, Иордания 
 В ролях -  Мэтт Дэймон, Джессика Честейн, Чиветель Эджиофор, Кристен ...
   Марсианская миссия «Арес-3» в процессе работы была вынуждена экстренно покинуть планету из-за надвигающейся песчаной бури. Инженер и биолог Марк Уотни получил повреждение скафандра во время песчаной бури.
"
32,Круэлла (2021),https://topnaroda.com/rating/kino/37161-top-100-filmov-vseh-vremen.html,"
 Жанр -  комедия, криминал, драма ...
 Страна -  США, Великобритания 
 В ролях -  Эмма Стоун, Эмма Томпсон, Джоэль Фрай, Пол Уолтер Хаузер, ...
   Великобритания, 1960-е годы. Эстелла была необычным ребёнком, и особенно трудно ей было мириться со всякого рода несправедливостью. Вылетев из очередной школы, она с мамой отправляется в Лондон. По дороге они
"
33,Время (2011),https://topnaroda.com/rating/kino/37161-top-100-filmov-vseh-vremen.html,"
 Жанр -  фантастика, мелодрама, боевик ...
 Страна -  США 
 В ролях -  Джастин Тимберлейк, Аманда Сайфред, Киллиан Мёрфи, Алекс ...
   Добро пожаловать в мир, где время стало единственной и самой твердой валютой, где люди генетически запрограммированы так, что в 25 лет перестают стареть. Правда, последующие годы стоят денег. И вот богатые
"
34,Отель «Гранд Будапешт» (2014),https://topnaroda.com/rating/kino/37161-top-100-filmov-vseh-vremen.html,"
 Жанр -  комедия, приключения, детектив, криминал ...
 Страна -  США, Германия 
 В ролях -  Рэйф Файнс, Тони Револори, Сирша Ронан, Эдриан Броуди, ...
   Фильм рассказывает об увлекательных приключениях легендарного консьержа Густава и его юного друга, портье Зеро Мустафы. Сотрудники гостиницы становятся свидетелями кражи и поисков бесценных картин эпохи
"
35,Послезавтра (2004),https://topnaroda.com/rating/kino/37161-top-100-filmov-vseh-vremen.html,"
 Жанр -  фантастика, триллер, драма, приключения ...
 Страна -  США 
 В ролях -  Деннис Куэйд, Джейк Джилленхол, Эмми Россам, Дэш Майок, ...
   Земля уверенно движется навстречу глобальной экологической катастрофе: в одной части света все живое погибает от засухи, в другой - разбушевавшаяся водная стихия сносит города. Близость катастрофы вынуждает
"
36,"Я, робот (2004)",https://topnaroda.com/rating/kino/37161-top-100-filmov-vseh-vremen.html,"
 Жанр -  фантастика, боевик, триллер, детектив ...
 Страна -  США, Германия 
 В ролях -  Уилл Смит, Бриджет Мойнэхэн, Алан Тьюдик, Джеймс Кромуэлл, ...
   Действие фильма происходит в будущем (2035 г.), где роботы являются обычными помощниками человека. Главный герой – полицейский, «не переваривающий» роботов, расследует дело об убийстве, в которое оказывается
"
37,Мальчишник в Вегасе (2009),https://topnaroda.com/rating/kino/37161-top-100-filmov-vseh-vremen.html,"
 Жанр -  комедия ...
 Страна -  США 
 В ролях -  Брэдли Купер, Эд Хелмс, Зак Галифианакис, Джастин Барта, ...
   Они мечтали устроить незабываемый мальчишник в Вегасе. Но теперь им необходимо вспомнить, что именно произошло: что за ребенок сидит в шкафу номера отеля? Как в ванную попал тигр? Почему у одного из них нет
"
38,Пассажиры (2016),https://topnaroda.com/rating/kino/37161-top-100-filmov-vseh-vremen.html,"
 Жанр -  фантастика, триллер, драма, мелодрама ...
 Страна -  США, Австралия 
 В ролях -  Дженнифер Лоуренс, Крис Пратт, Майкл Шин, Лоренс Фишбёрн, ...
   Космический корабль с 5 000 пассажирами на борту, погруженными на время полета в искусственный сон, держит курс на планету, которая станет для них новым домом. Всё идет по плану, но из-за сбоя системы двое
"
39,Стажёр (2015),https://topnaroda.com/rating/kino/37161-top-100-filmov-vseh-vremen.html,"
 Жанр -  мелодрама, комедия ...
 Страна -  США 
 В ролях -  Роберт Де Ниро, Энн Хэтэуэй, Рене Руссо, Андерс Холм, ...
   70-летний вдовец Бен Уитакер обнаруживает, что выход на пенсию - еще не конец. Пользуясь случаем, он становится старшим стажером в интернет-магазине модной одежды под руководством Джулс Остин....
"
40,Ван Хельсинг (2004),https://topnaroda.com/rating/kino/37161-top-100-filmov-vseh-vremen.html,"
 Жанр -  фэнтези, боевик, триллер, приключения ...
 Страна -  США, Чехия, Румыния 
 В ролях -  Хью Джекман, Кейт Бекинсейл, Ричард Роксбург, Дэвид Уэнэм, ...
   Глубоко в Карпатах лежит таинственная страна Трансильвания - мир, в котором зло встречается на каждом шагу, мир, в котором опасность оживает с заходом солнца, и где монстры, живущие в глубине человеческих
"
41,Сплит (2017),https://topnaroda.com/rating/kino/37161-top-100-filmov-vseh-vremen.html,"
 Жанр -  триллер, ужасы ...
 Страна -  США, Япония 
 В ролях -  Джеймс МакЭвой, Аня Тейлор-Джой, Бетти Бакли, Хейли Лу ...
   Cредь бела дня с многолюдной парковки незнакомец похищает трёх школьниц. Они приходят в себя в закрытом помещении, а в душе владельца таятся 23 лика страха. Сменяя друг друга, личности ведут обычную для них
"
42,Пол: Секретный материальчик (2011),https://topnaroda.com/rating/kino/37161-top-100-filmov-vseh-vremen.html,"
 Жанр -  фантастика, комедия, приключения ...
 Страна -  Великобритания, США 
 В ролях -  Саймон Пегг, Ник Фрост, Сет Роген, Джейсон Бейтман, Кристен ...
   Два английских гика отправляются на одно из самых значимых фанатских событий в области фантастики - конвент ComicCon в Америке. По пути, неподалёку от известной Зоны 51, они встречают сбежавшего инопланетянина
"
43,Впритык (2010),https://topnaroda.com/rating/kino/37161-top-100-filmov-vseh-vremen.html,"
 Жанр -  комедия ...
 Страна -  США 
 В ролях -  Роберт Дауни мл., Зак Галифианакис, Мишель Монахэн, Джейми ...
   Питер готовится стать отцом и находится на грани нервного срыва. И его нервам не идет на пользу тот факт, что ему предстоит предпринять целое путешествие, да еще и в компании честолюбивого актера, чтобы успеть
"
44,Шпион (2015),https://topnaroda.com/rating/kino/37161-top-100-filmov-vseh-vremen.html,"
 Жанр -  боевик, комедия ...
 Страна -  США 
 В ролях -  Мелисса Маккарти, Джейсон Стэйтем, Джуд Лоу, Роуз Бирн, ...
   Сьюзан Купер всю свою жизнь мечтала стать секретным агентом и даже устроилась работать в ЦРУ. Однако, дальше сотрудника самой низкой ступени ей так и не удалось продвинуться. Понимая, что осуществить свою
"
45,Калашников (2020),https://topnaroda.com/rating/kino/37161-top-100-filmov-vseh-vremen.html,"
 Жанр -  биография, история ...
 Страна -  Россия 
 В ролях -  Юра Борисов, Ольга Лерман, Артур Смольянинов, Эльдар ...
   Калашников. Все знают эту фамилию, но не все знают, какой долгий и тернистый путь прошёл парень-самоучка, чтобы в 28 лет создать легендарный автомат АК-47, который по сей день является символом оружейной мысли
"
46,Убойные каникулы (2010),https://topnaroda.com/rating/kino/37161-top-100-filmov-vseh-vremen.html,"
 Жанр -  ужасы, комедия ...
 Страна -  Канада, США 
 В ролях -  Тайлер Лабин, Алан Тьюдик, Катрина Боуден, Джесси Мосс, ...
   Группа студентов отправляется за город, чтобы вовсю оторваться на выходных: попить пивка, поплавать в озере и подышать чистым лесным воздухом. Но уже в первый день они сталкиваются с неотесанными фермерами
"
47,Кин-дза-дза! (1986),https://topnaroda.com/rating/kino/37161-top-100-filmov-vseh-vremen.html,"
 Жанр -  фантастика, драма, комедия ...
 Страна -  СССР 
 В ролях -  Станислав Любшин, Евгений Леонов, Юрий Яковлев, Леван ...
   Прораб Владимир Николаевич Машков и не подозревал, что обычный путь до универсама за хлебом и макаронами обернется межгалактическими путешествиями. А все эта встреча со странным босоногим человеком с каким-то
"
48,Час пик (1998),https://topnaroda.com/rating/kino/37161-top-100-filmov-vseh-vremen.html,"
 Жанр -  боевик, комедия, криминал ...
 Страна -  США 
 В ролях -  Джеки Чан, Крис Такер, Элизабет Пенья, Том Уилкинсон, Кен ...
   В Лос-Анджелесе злодеи похищают малолетнюю дочь китайского консула, которую в Гонконге учил кунг-фу инспектор Ли. Консул вызывает Ли в Америку, чтобы тот принял участие в освобождении девочки. Агенты ФБР
"
49,Лемони Сникет: 33 несчастья (2004),https://topnaroda.com/rating/kino/37161-top-100-filmov-vseh-vremen.html,"
 Жанр -  фэнтези, комедия, приключения, семейный ...
 Страна -  США, Германия 
 В ролях -  Джим Керри, Эмили Браунинг, Лиам Эйкен, Кара Хоффман, Шелби ...
   В один скверный пасмурный день на юных Бодлеров – Вайолет, Клауса и их маленькую сестричку Солнышко – обрушились несчастья. Страшный пожар лишил их дома и любящих родителей. В жизни сирот появился опекун Граф
"
50,Блэйд (1998),https://topnaroda.com/rating/kino/37161-top-100-filmov-vseh-vremen.html,"
 Жанр -  боевик, ужасы, фэнтези ...
 Страна -  США 
 В ролях -  Уэсли Снайпс, Стивен Дорфф, Крис Кристофферсон, Н'Буш Райт, ...
   Получеловек-полувампир Блэйд намерен уничтожить виновника своей судьбы - Дьякона Фроста. Когда-то в кровь Блэйда попало совсем немного вампирского яда, но с течением времени он стал ощущать неизбежность своего
"
51,Чужой (1979),https://topnaroda.com/rating/kino/37161-top-100-filmov-vseh-vremen.html,"
 Жанр -  ужасы, фантастика, триллер ...
 Страна -  Великобритания, США 
 В ролях -  Сигурни Уивер, Том Скеррит, Иэн Холм, Джон Хёрт, Гарри Дин ...
   В далеком будущем возвращающийся на Землю грузовой космический корабль перехватывает исходящий с неизвестной планеты неопознанный сигнал. Экипаж, в соответствии с основными инструкциями, обязан найти и
"
52,Интерстеллар (2014),https://topnaroda.com/rating/kino/37161-top-100-filmov-vseh-vremen.html,"
 Жанр -  фантастика, драма, приключения ...
 Страна -  США, Великобритания, Канада 
 В ролях -  Мэттью МакКонахи, Энн Хэтэуэй, Джессика Честейн, Маккензи ...
   Когда засуха, пыльные бури и вымирание растений приводят человечество к продовольственному кризису, коллектив исследователей и учёных отправляется сквозь червоточину (которая предположительно соединяет области
"
53,Остров проклятых (2009),https://topnaroda.com/rating/kino/37161-top-100-filmov-vseh-vremen.html,"
 Жанр -  триллер, детектив, драма ...
 Страна -  США 
 В ролях -  Леонардо ДиКаприо, Марк Руффало, Бен Кингсли, Макс фон ...
   Два американских судебных пристава отправляются на один из островов в штате Массачусетс, чтобы расследовать исчезновение пациентки клиники для умалишенных преступников. При проведении расследования им придется
"
54,Любовь и голуби (1984),https://topnaroda.com/rating/kino/37161-top-100-filmov-vseh-vremen.html,"
 Жанр -  мелодрама, комедия ...
 Страна -  СССР 
 В ролях -  Александр Михайлов, Нина Дорошина, Людмила Гурченко, Сергей ...
   Ликвидируя неисправность лебедки, Василий Кузякин получил травму и путевку на юг. Там он встретил роковую женщину Раису Захаровну и… вернулся Вася с курорта не к себе в деревню, а в дом Раисы Захаровны.
"
55,Матрица (1999),https://topnaroda.com/rating/kino/37161-top-100-filmov-vseh-vremen.html,"
 Жанр -  фантастика, боевик ...
 Страна -  США, Австралия 
 В ролях -  Киану Ривз, Лоренс Фишбёрн, Кэрри-Энн Мосс, Хьюго Уивинг, ...
   Жизнь Томаса Андерсона разделена на две части: днём он - самый обычный офисный работник, получающий нагоняи от начальства, а ночью превращается в хакера по имени Нео, и нет места в сети, куда он бы не смог
"
56,Стражи Галактики (2014),https://topnaroda.com/rating/kino/37161-top-100-filmov-vseh-vremen.html,"
 Жанр -  фантастика, боевик, приключения, комедия ...
 Страна -  США 
 В ролях -  Крис Пратт, Зои Салдана, Дэйв Батиста, Брэдли Купер, Вин ...
   Отважному путешественнику Питеру Квиллу попадает в руки таинственный артефакт, принадлежащий могущественному и безжалостному злодею Ронану, строящему коварные планы по захвату Вселенной. Питер оказывается в
"
57,Гладиатор (2000),https://topnaroda.com/rating/kino/37161-top-100-filmov-vseh-vremen.html,"
 Жанр -  история, боевик, драма, приключения ...
 Страна -  США, Великобритания, Мальта, Марокко 
 В ролях -  Рассел Кроу, Хоакин Феникс, Конни Нильсен, Оливер Рид, ...
   В великой Римской империи не было военачальника, равного генералу Максимусу. Непобедимые легионы, которыми командовал этот благородный воин, боготворили его и могли последовать за ним даже в ад. Но случилось
"
58,Леон (1994),https://topnaroda.com/rating/kino/37161-top-100-filmov-vseh-vremen.html,"
 Жанр -  боевик, триллер, драма, криминал ...
 Страна -  Франция, США 
 В ролях -  Жан Рено, Натали Портман, Гари Олдман, Дэнни Айелло, Питер ...
   Профессиональный убийца Леон неожиданно для себя самого решает помочь 12-летней соседке Матильде, семью которой убили коррумпированные полицейские....
"
59,Престиж (2006),https://topnaroda.com/rating/kino/37161-top-100-filmov-vseh-vremen.html,"
 Жанр -  триллер, фантастика, драма, детектив ...
 Страна -  Великобритания, США 
 В ролях -  Хью Джекман, Кристиан Бэйл, Майкл Кейн, Пайпер Перабо, ...
   Роберт и Альфред - фокусники-иллюзионисты, которые на рубеже XIX и XX веков соперничали друг с другом в Лондоне. С годами их дружеская конкуренция на профессиональной почве перерастает в настоящую войну. Они
"
60,Ford против Ferrari (2019),https://topnaroda.com/rating/kino/37161-top-100-filmov-vseh-vremen.html,"
 Жанр -  биография, спорт, драма, боевик ...
 Страна -  США 
 В ролях -  Кристиан Бэйл, Мэтт Дэймон, Катрина Балф, Трэйси Леттс, ...
   В начале 1960-х Генри Форд II принимает решение улучшить имидж компании и сменить курс на производство более модных автомобилей. После неудавшейся попытки купить практически банкрота Ferrari американцы решают
"
61,Джокер (2019),https://topnaroda.com/rating/kino/37161-top-100-filmov-vseh-vremen.html,"
 Жанр -  драма, криминал, триллер ...
 Страна -  США, Канада 
 В ролях -  Хоакин Феникс, Роберт Де Ниро, Зази Битц, Фрэнсис Конрой, ...
   Готэм, начало 1980-х годов. Комик Артур Флек живет с больной матерью, которая с детства учит его «ходить с улыбкой». Пытаясь нести в мир хорошее и дарить людям радость, Артур сталкивается с человеческой
"
62,В бой идут одни «старики» (1973),https://topnaroda.com/rating/kino/37161-top-100-filmov-vseh-vremen.html,"
 Жанр -  военный, драма, комедия ...
 Страна -  СССР 
 В ролях -  Леонид Быков, Сергей Подгорный, Сергей Иванов, Рустам ...
   Эта эскадрилья стала «поющей» - так капитан Титаренко подбирал себе новичков. Его «старикам» было не больше двадцати, но «желторотиков», пополнение из летных училищ ускоренного выпуска, в бой все равно, по
"
63,Легенда №17 (2012),https://topnaroda.com/rating/kino/37161-top-100-filmov-vseh-vremen.html,"
 Жанр -  биография, спорт, драма ...
 Страна -  Россия 
 В ролях -  Данила Козловский, Олег Меньшиков, Светлана Иванова, ...
   История жизни хоккеиста Валерия Харламова....
"
64,Темный рыцарь (2008),https://topnaroda.com/rating/kino/37161-top-100-filmov-vseh-vremen.html,"
 Жанр -  фантастика, боевик, триллер, криминал, драма ...
 Страна -  США, Великобритания 
 В ролях -  Кристиан Бэйл, Хит Леджер, Аарон Экхарт, Мэгги Джилленхол, ...
   Бэтмен поднимает ставки в войне с криминалом. С помощью лейтенанта Джима Гордона и прокурора Харви Дента он намерен очистить улицы Готэма от преступности. Сотрудничество оказывается эффективным, но скоро они
"
65,Люди в чёрном (1997),https://topnaroda.com/rating/kino/37161-top-100-filmov-vseh-vremen.html,"
 Жанр -  фантастика, боевик, комедия, приключения ...
 Страна -  США 
 В ролях -  Томми Ли Джонс, Уилл Смит, Линда Фиорентино, Винсент ...
   Они - самый большой секрет Земли. Они работают на неофициальное правительственное агентство, регулирующее деятельность инопланетян на Земле. Они - это лучшая, последняя и единственная линия защиты Земли от
"
66,Терминал (2004),https://topnaroda.com/rating/kino/37161-top-100-filmov-vseh-vremen.html,"
 Жанр -  драма, мелодрама, комедия ...
 Страна -  США 
 В ролях -  Том Хэнкс, Кэтрин Зета-Джонс, Стэнли Туччи, Чи МакБрайд, ...
   Фильм рассказывает историю Виктора Наворски, отправившегося в Нью-Йорк из Восточной Европы. Пока Виктор летел в самолете, на его родине произошел государственный переворот. Оказавшись в международном аэропорту
"
67,Американская история X (1998),https://topnaroda.com/rating/kino/37161-top-100-filmov-vseh-vremen.html,"
 Жанр -  драма ...
 Страна -  США 
 В ролях -  Эдвард Нортон, Эдвард Ферлонг, Беверли Д'Анджело, Дженнифер ...
   Лидер местной банды скинхедов Дерек Виньярд прочно удерживает авторитет в своём районе. Убеждённый в своей правоте, он беспощадно расправляется с теми, кто имеет не белый цвет кожи. Независимость и смелость
"
68,Такси (1998),https://topnaroda.com/rating/kino/37161-top-100-filmov-vseh-vremen.html,"
 Жанр -  боевик, комедия, криминал ...
 Страна -  Франция 
 В ролях -  Сами Насери, Фредерик Дифенталь, Марион Котийяр, Эмма ...
   Таксист Даниэль помешан на быстрой езде. Как ураган проносится он по извилистым улицам Марселя на мощном ревущем «Пежо», пугая прохожих и приводя в ужас пассажиров. Начинающий следователь Эмильен вынуждает его
"
69,Амели (2001),https://topnaroda.com/rating/kino/37161-top-100-filmov-vseh-vremen.html,"
 Жанр -  мелодрама, комедия ...
 Страна -  Франция, Германия 
 В ролях -  Одри Тоту, Матьё Кассовиц, Рюфюс, Лорелла Кравотта, Серж ...
   Знаете ли вы, что все события, происходящие в нашем мире, даже самые незначительные, взаимосвязаны самым удивительным и чудесным образом? Как полет крошечной мухи может вызвать где-то далеко мощный ураган, так
"
70,Бешеные псы (1991),https://topnaroda.com/rating/kino/37161-top-100-filmov-vseh-vremen.html,"
 Жанр -  криминал, драма, триллер ...
 Страна -  США 
 В ролях -  Харви Кейтель, Тим Рот, Майкл Мэдсен, Крис Пенн, Стив ...
   Это должно было стать идеальным преступлением. Задумав ограбить ювелирный магазин, криминальный босс Джо Кэбот собрал вместе шестерых опытных и совершенно незнакомых друг с другом преступников. Но с самого
"
71,Парфюмер: История одного убийцы (2006),https://topnaroda.com/rating/kino/37161-top-100-filmov-vseh-vremen.html,"
 Жанр -  фэнтези, драма, криминал ...
 Страна -  Германия, Франция, Испания, США 
 В ролях -  Бен Уишоу, Дастин Хоффман, Алан Рикман, Рейчел Херд-Вуд, ...
   Жестокий, никогда не знавший любви, сирота Жан-Батист Гренуй настоящих успехов достиг лишь на одном поприще – среди парфюмеров ему никогда не было равных. По его духам сходит с ума весь высший свет, не
"
72,От заката до рассвета (1995),https://topnaroda.com/rating/kino/37161-top-100-filmov-vseh-vremen.html,"
 Жанр -  ужасы, боевик, фэнтези, триллер, комедия, криминал ...
 Страна -  США, Мексика 
 В ролях -  Джордж Клуни, Квентин Тарантино, Харви Кейтель, Джульетт ...
   Спасаясь от полиции после ограбления банка, два брата - грабителя берут в заложники священника и его детей. Около американской границы они решают провести ночь в придорожном баре. Тут-то всё и начинается......
"
73,Робот по имени Чаппи (2015),https://topnaroda.com/rating/kino/37161-top-100-filmov-vseh-vremen.html,"
 Жанр -  фантастика, боевик, триллер, драма, криминал ...
 Страна -  США, ЮАР 
 В ролях -  Шарлто Копли, Дев Патель, Ниндзя, Йоланди Фиссер, Хосе ...
   Чаппи - вундеркинд. Как и любой другой ребенок, он попадает под влияние своего окружения, и только его сердце и душа помогут ему найти свой путь. Но есть одна вещь, которая делает Чаппи непохожим на всех
"
74,Джуманджи (1995),https://topnaroda.com/rating/kino/37161-top-100-filmov-vseh-vremen.html,"
 Жанр -  фэнтези, комедия, приключения, семейный ...
 Страна -  США 
 В ролях -  Робин Уильямс, Бонни Хант, Кирстен Данст, Брэдли Пирс, Биби ...
   Случайно обнаружив настольную игру со странным названием «Джуманджи», Алан Пэрриш на глазах изумленной подружки перенёсся в джунгли. Он находился в этом мире до тех пор, пока двое ни о чем не подозревающих
"
75,Реальные упыри (2014),https://topnaroda.com/rating/kino/37161-top-100-filmov-vseh-vremen.html,"
 Жанр -  комедия, ужасы ...
 Страна -  Новая Зеландия 
 В ролях -  Джемейн Клемент, Тайка Вайтити, Джонатан Бруг, Кори ...
   История жизни Виаго, Дикона и Владислава - трёх соседей и по совместительству бессмертных вампиров, которые всего лишь пытаются выжить в современном мире, где есть арендная плата, фейсконтроль в ночных клубах,
"
76,Жизнь Дэвида Гейла (2002),https://topnaroda.com/rating/kino/37161-top-100-filmov-vseh-vremen.html,"
 Жанр -  триллер, драма, криминал ...
 Страна -  Великобритания, Германия, Испания, США 
 В ролях -  Кевин Спейси, Кейт Уинслет, Лора Линни, Гэбриел Манн, Мэтт ...
   Дэвид Гейл - человек, который пробовал жить в соответствии со своими принципами, но, в причудливом повороте судьбы, этот преданный отец, популярный профессор и ярый противник смертной казни окажется в камере
"
77,Чудо (2017),https://topnaroda.com/rating/kino/37161-top-100-filmov-vseh-vremen.html,"
 Жанр -  драма, семейный ...
 Страна -  США, Гонконг, Канада 
 В ролях -  Джейкоб Тремблей, Оуэн Уилсон, Изабела Видович, Джулия ...
   С одной стороны мальчик Август Пулман такой же как и другие мальчишки его возраста - любит ходить на дни рождения к друзьям, играть в компьютерные игры, фанатеет от «Звездных войн», играет со своей собакой,
"
78,Самый пьяный округ в мире (2012),https://topnaroda.com/rating/kino/37161-top-100-filmov-vseh-vremen.html,"
 Жанр -  драма, криминал, биография ...
 Страна -  США 
 В ролях -  Шайа ЛаБаф, Том Харди, Джейсон Кларк, Джессика Честейн, Гай ...
   Действие в картине разворачивается на американском Юге во времена сухого закона и Великой Депрессии. В центре сюжета – семья Бондурант, три брата, Джек, Форрест и Говард, которые занимаются запрещенным в то
"
79,Расплата (2016),https://topnaroda.com/rating/kino/37161-top-100-filmov-vseh-vremen.html,"
 Жанр -  боевик, триллер, драма, криминал ...
 Страна -  США 
 В ролях -  Бен Аффлек, Анна Кендрик, Дж.К. Симмонс, Джон Бернтал, ...
   Лента расскажет историю математического гения Кристиана Вульфа, который подрабатывает аудитором для самых опасных преступных организаций. Когда ему на хвост садится отдел по борьбе с преступностью Министерства
"
80,Каникулы строгого режима (2009),https://topnaroda.com/rating/kino/37161-top-100-filmov-vseh-vremen.html,"
 Жанр -  драма, комедия, приключения ...
 Страна -  Россия 
 В ролях -  Сергей Безруков, Дмитрий Дюжев, Сабина Ахмедова, Алёна ...
   История о том, как двое не самых молодых людей, Кольцов и Сумароков, волею судьбы оказались вожатыми в пионерском лагере в компании в меру энергичного руководства и не в меру энергичных детей. Все бы ничего,
"
81,Географ глобус пропил (2013),https://topnaroda.com/rating/kino/37161-top-100-filmov-vseh-vremen.html,"
 Жанр -  драма ...
 Страна -  Россия 
 В ролях -  Константин Хабенский, Анфиса Черных, Елена Лядова, ...
   Молодой биолог Виктор Служкин от безденежья идет работать учителем географии в обычную пермскую школу. Он борется, а потом и дружит с учениками, конфликтует с завучем, ведет десятиклассников в поход -
"
82,Без лица (1997),https://topnaroda.com/rating/kino/37161-top-100-filmov-vseh-vremen.html,"
 Жанр -  боевик, триллер, криминал, фантастика ...
 Страна -  США 
 В ролях -  Джон Траволта, Николас Кейдж, Джоан Аллен, Алессандро ...
   Чтобы раскрыть подробности запланированного преступниками крупного теракта, агент ФБР Шон Арчер соглашается на сложную хирургическую операцию. Он берёт себе новое лицо, лицо террориста Кастора Троя, который
"
83,Другой мир (2003),https://topnaroda.com/rating/kino/37161-top-100-filmov-vseh-vremen.html,"
 Жанр -  фэнтези, боевик, триллер ...
 Страна -  США, Великобритания, Германия, Венгрия 
 В ролях -  Кейт Бекинсейл, Скотт Спидман, Майкл Шин, Шэйн Бролли, Билл ...
   Столетиями властители царства мрака, вампиры и оборотни ведут беспощадную войну, невидимую человеческому взору. Бесстрашная Селина, воин-вампир, каждую ночь истребляет оборотней, влекомая неутолимой жаждой
"
84,Жестокие игры (1999),https://topnaroda.com/rating/kino/37161-top-100-filmov-vseh-vremen.html,"
 Жанр -  драма, мелодрама ...
 Страна -  США 
 В ролях -  Сара Мишель Геллар, Райан Филипп, Риз Уизерспун, Сэльма ...
   Себастьян знает сладкий привкус легких побед. В его руках - чужие тайны и ключи от неприступных спален. Катрин устала от простых интриг и банальных признаний. Тогда современный Казанова и скучающая красавица
"
85,Плохие парни (1995),https://topnaroda.com/rating/kino/37161-top-100-filmov-vseh-vremen.html,"
 Жанр -  боевик, комедия, триллер, криминал ...
 Страна -  США 
 В ролях -  Уилл Смит, Мартин Лоуренс, Теа Леони, Чеки Карио, Джо ...
   Они - полная противоположность друг друга. Один из них - примерный семьянин и не имеет состояния, другой богат и пользуется всеми благами холостяцкой жизни. Помимо дружбы их объединяет работа в полиции. Их
"
86,Достать ножи (2019),https://topnaroda.com/rating/kino/37161-top-100-filmov-vseh-vremen.html,"
 Жанр -  детектив, комедия, драма, криминал ...
 Страна -  США 
 В ролях -  Дэниэл Крэйг, Ана де Армас, Крис Эванс, Джейми Ли Кёртис, ...
   На следующее утро после празднования 85-летия известного автора криминальных романов Харлана Тромби виновника торжества находят мёртвым. Налицо - явное самоубийство, но полиция по протоколу опрашивает всех
"
87,Титаник (1997),https://topnaroda.com/rating/kino/37161-top-100-filmov-vseh-vremen.html,"
 Жанр -  мелодрама, история, триллер, драма ...
 Страна -  США 
 В ролях -  Леонардо ДиКаприо, Кейт Уинслет, Билли Зейн, Кэти Бейтс, ...
   В первом и последнем плавании шикарного «Титаника» встречаются двое. Пассажир нижней палубы Джек выиграл билет в карты, а богатая наследница Роза отправляется в Америку, чтобы выйти замуж по расчёту. Чувства
"
88,Дюна (2021),https://topnaroda.com/rating/kino/37161-top-100-filmov-vseh-vremen.html,"
 Жанр -  фантастика, боевик, драма, приключения ...
 Страна -  США, Канада, Венгрия 
 В ролях -  Тимоти Шаламе, Ребекка Фергюсон, Оскар Айзек, Джош Бролин, ...
   Наследник знаменитого дома Атрейдесов Пол отправляется вместе с семьей на одну из самых опасных планет во Вселенной - Арракис. Здесь нет ничего, кроме песка, палящего солнца, гигантских чудовищ и основной
"
89,Шерлок Холмс (2009),https://topnaroda.com/rating/kino/37161-top-100-filmov-vseh-vremen.html,"
 Жанр -  боевик, приключения, триллер, драма, комедия, ...
 Страна -  США, Германия, Великобритания, Австралия 
 В ролях -  Роберт Дауни мл., Джуд Лоу, Рэйчел МакАдамс, Марк Стронг, ...
   Величайший в истории сыщик Шерлок Холмс вместе со своим верным соратником Ватсоном вступают в схватку, требующую нешуточной физической и умственной подготовки, ведь их враг представляет угрозу для всего
"
90,Железный человек (2008),https://topnaroda.com/rating/kino/37161-top-100-filmov-vseh-vremen.html,"
 Жанр -  фантастика, боевик, приключения ...
 Страна -  США, Канада 
 В ролях -  Роберт Дауни мл., Джефф Бриджес, Гвинет Пэлтроу, Терренс ...
   Миллиардер-изобретатель Тони Старк попадает в плен к Афганским террористам, которые пытаются заставить его создать оружие массового поражения. В тайне от своих захватчиков Старк конструирует
"
91,Гарри Поттер и узник Азкабана (2004),https://topnaroda.com/rating/kino/37161-top-100-filmov-vseh-vremen.html,"
 Жанр -  фэнтези, приключения, семейный ...
 Страна -  Великобритания, США 
 В ролях -  Дэниэл Рэдклифф, Руперт Гринт, Эмма Уотсон, Дэвид Тьюлис, ...
   В третьей части истории о юном волшебнике полюбившиеся всем герои - Гарри Поттер, Рон и Гермиона - возвращаются уже на третий курс школы чародейства и волшебства Хогвартс. На этот раз они должны раскрыть тайну
"
92,"Карты, деньги, два ствола (1998)",https://topnaroda.com/rating/kino/37161-top-100-filmov-vseh-vremen.html,"
 Жанр -  боевик, комедия, криминал ...
 Страна -  Великобритания 
 В ролях -  Джейсон Флеминг, Декстер Флетчер, Ник Моран, Джейсон ...
   Четверо молодых парней накопили каждый по 25 тысяч фунтов, чтобы один из них мог сыграть в карты с опытным шулером и матерым преступником, известным по кличке Гарри-Топор. Парень в итоге проиграл 500 тысяч, на
"
93,Тор: Рагнарёк (2017),https://topnaroda.com/rating/kino/37161-top-100-filmov-vseh-vremen.html,"
 Жанр -  фантастика, фэнтези, боевик, комедия, приключения ...
 Страна -  США, Австралия 
 В ролях -  Крис Хемсворт, Том Хиддлстон, Кейт Бланшетт, Идрис Эльба, ...
   Вернувшись в Асгард в поисках таинственного врага, ведущего охоту на Камни Бесконечности, Тор обнаруживает, что действия его брата Локи, захватившего трон Асгарда, привели к приближению наиболее страшного
"
94,Игры разума (2001),https://topnaroda.com/rating/kino/37161-top-100-filmov-vseh-vremen.html,"
 Жанр -  драма, биография, мелодрама ...
 Страна -  США 
 В ролях -  Рассел Кроу, Эд Харрис, Дженнифер Коннелли, Кристофер ...
   От всемирной известности до греховных глубин - все это познал на своей шкуре Джон Форбс Нэш-младший. Математический гений, он на заре своей карьеры сделал титаническую работу в области теории игр, которая
"
95,Девчата (1962),https://topnaroda.com/rating/kino/37161-top-100-filmov-vseh-vremen.html,"
 Жанр -  мелодрама, комедия ...
 Страна -  СССР 
 В ролях -  Надежда Румянцева, Николай Рыбников, Люсьена Овчинникова, ...
   В сибирский поселок приехала юная повариха Тося Кислицына - наивная и эксцентричная девчонка. Она сует свой нос во все дела, каждому стремится помочь. Местный красавец Илья на спор заводит с Тосей роман,
"
96,Вечное сияние чистого разума (2004),https://topnaroda.com/rating/kino/37161-top-100-filmov-vseh-vremen.html,"
 Жанр -  мелодрама, фантастика, драма ...
 Страна -  США 
 В ролях -  Джим Керри, Кейт Уинслет, Кирстен Данст, Марк Руффало, ...
   Застенчивый и меланхоличный Джоэл живёт ничем не примечательной серой и унылой жизнью. Но однажды вместо привычного рабочего маршрута молодой человек вдруг садится на электричку в другом направлении и
"
97,Я - легенда (2007),https://topnaroda.com/rating/kino/37161-top-100-filmov-vseh-vremen.html,"
 Жанр -  фантастика, боевик, триллер, драма, приключения ...
 Страна -  США 
 В ролях -  Уилл Смит, Алиси Брага, Чарли Тахэн, Салли ...
   Неизвестный вирус унёс жизни половины населения земного шара, а остальную половину превратил в вампиров. Единственный уцелевший человек с иммунитетом к заболеванию ночами держит осаду упырей, а днем пытается
"
98,Служебный роман (1977),https://topnaroda.com/rating/kino/37161-top-100-filmov-vseh-vremen.html,"
 Жанр -  мелодрама, комедия, драма ...
 Страна -  СССР 
 В ролях -  Андрей Мягков, Алиса Фрейндлих, Светлана Немоляева, Олег ...
   Анатолий Ефремович Новосельцев, рядовой служащий одного статистического управления - человек робкий и застенчивый. Ему хотелось бы получить вакантное место зав. отделом, но он не знает как подступиться к этому
"
99,Счастливое число Слевина (2005),https://topnaroda.com/rating/kino/37161-top-100-filmov-vseh-vremen.html,"
 Жанр -  триллер, драма, криминал ...
 Страна -  США, Канада, Великобритания, Германия 
 В ролях -  Джош Хартнетт, Брюс Уиллис, Люси Лью, Морган Фриман, Бен ...
   Слевину не везет. Дом опечатан, девушка ушла к другому… Его друг Ник уезжает из Нью-Йорка и предлагает Слевину пожить в пустой квартире. В это время крупный криминальный авторитет по прозвищу Босс хочет
"
100,Мстители: Эра Альтрона (2015),https://topnaroda.com/rating/kino/37161-top-100-filmov-vseh-vremen.html,"
 Жанр -  фантастика, боевик, приключения ...
 Страна -  США 
 В ролях -  Роберт Дауни мл., Крис Хемсворт, Крис Эванс, Скарлетт ...
   Человечество на грани уничтожения. На этот раз людям угрожает Альтрон - искусственный интеллект, ранее созданный для того, чтобы защищать Землю от любых угроз. Однако, главной угрозой он посчитал человечество.
"
101,Один дома 2: Затерянный в Нью-Йорке (1992),https://topnaroda.com/rating/kino/37161-top-100-filmov-vseh-vremen.html,"
 Жанр -  комедия, семейный, приключения ...
 Страна -  США 
 В ролях -  Маколей Калкин, Джо Пеши, Дэниел Стерн, Тим Карри, Кэтрин ...
   Самый маленький герой Америки устраивает большой переполох в Нью-Йорке! Кевин МакКалистер вернулся! Но теперь он один не дома, а в Нью-Йорке и у него достаточно денег и кредитных карточек, чтобы превратить
"
102,Паразиты (2019),https://topnaroda.com/rating/kino/37161-top-100-filmov-vseh-vremen.html,"
 Жанр -  драма, триллер, комедия ...
 Страна -  Корея Южная 
 В ролях -  Сон Кан-хо, Ли Сон-гюн, Чо Ё-джон, Чхве У-щик, Пак Со-дам, ...
   Обычное корейское семейство Кимов жизнь не балует. Приходится жить в сыром грязном полуподвале, воровать интернет у соседей и перебиваться случайными подработками. Однажды друг сына семейства, уезжая на
"
103,Хоббит: Нежданное путешествие (2012),https://topnaroda.com/rating/kino/37161-top-100-filmov-vseh-vremen.html,"
 Жанр -  фэнтези, приключения, боевик ...
 Страна -  Новая Зеландия, США 
 В ролях -  Мартин Фриман, Иэн Маккеллен, Ричард Армитедж, Джеймс ...
   Хоббит Бильбо Бэггинс пускается в грандиозный поход, целью которого является отвоевание утраченного королевства гномов Эребор у дракона Смауга. Совершенно неожиданно с хоббитом налаживает контакт волшебник
"
104,В погоне за счастьем (2006),https://topnaroda.com/rating/kino/37161-top-100-filmov-vseh-vremen.html,"
 Жанр -  драма, биография ...
 Страна -  США 
 В ролях -  Уилл Смит, Джейден Смит, Тандиве Ньютон, Брайан Хау, Джеймс ...
   Крис Гарднер – отец-одиночка. Воспитывая пятилетнего сына, Крис изо всех сил старается сделать так, чтобы ребенок рос счастливым. Работая продавцом, он не может оплатить квартиру, и их выселяют. Оказавшись на
"
105,Еще по одной (2020),https://topnaroda.com/rating/kino/37161-top-100-filmov-vseh-vremen.html,"
 Жанр -  драма, комедия ...
 Страна -  Дания, Швеция, Нидерланды 
 В ролях -  Мадс Миккельсен, Томас Бо Ларсен, Магнус Милланг, Ларс ...
   В ресторане собираются учитель истории, психологии, музыки и физрук, чтобы отметить 40-летие одного из них. И решают проверить научную теорию о том, что c самого рождения человек страдает от нехватки алкоголя
"
106,Укрощение строптивого (1980),https://topnaroda.com/rating/kino/37161-top-100-filmov-vseh-vremen.html,"
 Жанр -  мелодрама, комедия ...
 Страна -  Италия 
 В ролях -  Адриано Челентано, Орнелла Мути, Эдит Питерс, Пиппо ...
   Категорически не приемлющий женского общества грубоватый фермер вполне счастлив и доволен своей холостяцкой жизнью. Но неожиданно появившаяся в его жизни женщина пытается изменить его взгляды на жизнь и
"
107,Шерлок Холмс: Игра теней (2011),https://topnaroda.com/rating/kino/37161-top-100-filmov-vseh-vremen.html,"
 Жанр -  боевик, приключения, триллер, криминал, детектив ...
 Страна -  США, Великобритания 
 В ролях -  Роберт Дауни мл., Джуд Лоу, Нуми Рапас, Джаред Харрис, Пол ...
   1891 год. В Вене и Страсбурге проходит серия терактов, организованных анархистами или националистами, а по всей Европе происходят таинственные убийства. Шерлок Холмс считает, что за всем этим стоит профессор
"
108,Иллюзионист (2005),https://topnaroda.com/rating/kino/37161-top-100-filmov-vseh-vremen.html,"
 Жанр -  драма, фэнтези, триллер, мелодрама, детектив ...
 Страна -  США, Чехия 
 В ролях -  Эдвард Нортон, Пол Джаматти, Джессика Бил, Руфус Сьюэлл, ...
   Вена. Начало 20 века. В городе появляется загадочный человек, называвший себя иллюзионистом Эйзенхаймом. Он показывает публике невиданные фокусы, которые кажутся не иначе как волшебством. Слава о
"
109,Терминатор (1984),https://topnaroda.com/rating/kino/37161-top-100-filmov-vseh-vremen.html,"
 Жанр -  фантастика, боевик, триллер ...
 Страна -  Великобритания, США 
 В ролях -  Арнольд Шварценеггер, Майкл Бин, Линда Хэмилтон, Пол ...
   История противостояния солдата Кайла Риза и киборга-терминатора, прибывших в 1984-й год из пост-апокалиптического будущего, где миром правят машины-убийцы, а человечество находится на грани вымирания. Цель
"
110,Грязь (2013),https://topnaroda.com/rating/kino/37161-top-100-filmov-vseh-vremen.html,"
 Жанр -  криминал, комедия, драма ...
 Страна -  Великобритания, Германия, Швеция, Бельгия, США 
 В ролях -  Джеймс МакЭвой, Джейми Белл, Эдди Марсан, Джим Бродбент, ...
   Главный герой - Брюс Робертсон, детектив-сержант сыскной полиции города Эдинбурга, стремящийся получить вакантную должность детектива-инспектора. Начальник Брюса Боб Тоал поручает ему руководство
"
111,Привидение (1990),https://topnaroda.com/rating/kino/37161-top-100-filmov-vseh-vremen.html,"
 Жанр -  мелодрама, фэнтези, триллер, драма ...
 Страна -  США 
 В ролях -  Патрик Суэйзи, Деми Мур, Вупи Голдберг, Тони Голдуин, Рик ...
   Влюблённая пара Сэм и Молли возвращается домой после приятного вечера, когда на них нападает грабитель. Защищаясь, Сэм погибает и становится призраком. Он узнаёт, что его смерть не была случайной, а над его
"
112,Мумия (1999),https://topnaroda.com/rating/kino/37161-top-100-filmov-vseh-vremen.html,"
 Жанр -  фэнтези, приключения, боевик ...
 Страна -  США, Великобритания, Марокко 
 В ролях -  Брендан Фрейзер, Рэйчел Вайс, Джон Ханна, Арнольд Вослу, ...
   На бескрайних просторах египетской пустыни компания сорвиголов разных национальностей рыщет в поисках несметных сокровищ фараона, над которыми тяготеет жуткое древнее проклятие. Рядом с кладом покоится мумия
"
113,Зодиак (2007),https://topnaroda.com/rating/kino/37161-top-100-filmov-vseh-vremen.html,"
 Жанр -  триллер, детектив, драма, криминал ...
 Страна -  США 
 В ролях -  Джейк Джилленхол, Марк Руффало, Энтони Эдвардс, Роберт ...
   На протяжении более 10 лет он держал в страхе весь Сан-Франциско. Общаясь с властями через репортёров, он в письмах жёстко упрекал полицию в бездействии. Зодиак то пропадал на время, то появлялся вновь. Порой
"
114,Майор Пэйн (1995),https://topnaroda.com/rating/kino/37161-top-100-filmov-vseh-vremen.html,"
 Жанр -  комедия, приключения ...
 Страна -  США 
 В ролях -  Дэймон Уайанс, Майкл Айронсайд, Бам Бам Бигелоу, Йода ...
   Майору никак не присвоят звание полковника по одной причине - он умеет только убивать, ни на что другое он просто не способен. Его отправляют в отставку. Работа в полиции ему не подходит, и наш герой умирает
"
115,Лицо со шрамом (1983),https://topnaroda.com/rating/kino/37161-top-100-filmov-vseh-vremen.html,"
 Жанр -  драма, криминал ...
 Страна -  США 
 В ролях -  Аль Пачино, Стивен Бауэр, Мишель Пфайффер, Мэри Элизабет ...
   Весной 1980 года был открыт порт Мэйриэл Харбор, и тысячи кубинских беженцев ринулись в Соединенные Штаты на поиски Американской Мечты. Один из них нашел ее на залитых солнцем улицах Майами. Богатство, власть
"
116,Чужие (1986),https://topnaroda.com/rating/kino/37161-top-100-filmov-vseh-vremen.html,"
 Жанр -  ужасы, фантастика, боевик, триллер, приключения ...
 Страна -  Великобритания, США 
 В ролях -  Сигурни Уивер, Майкл Бин, Кэрри Хенн, Пол Райзер, Лэнс ...
   Чужой – совершенный организм. Идеальная машина для убийства, чье физическое превосходство сочетается с его феноменальной жаждой уничтожения. Офицер Элен Рипли и команда космического корабля Ностромо один раз
"
117,Интервью с вампиром (1994),https://topnaroda.com/rating/kino/37161-top-100-filmov-vseh-vremen.html,"
 Жанр -  драма, ужасы, фэнтези ...
 Страна -  США 
 В ролях -  Том Круз, Брэд Питт, Стивен Ри, Антонио Бандерас, Кристиан ...
   К падкому на сенсации журналисту приходит вампир, чтобы поведать историю своей жизни. Все началось в 1791 году, когда молодой плантатор Луи, потеряв жену и ребенка, захотел умереть, но «родился для мрака» и
"
118,Она (2013),https://topnaroda.com/rating/kino/37161-top-100-filmov-vseh-vremen.html,"
 Жанр -  мелодрама, фантастика, драма ...
 Страна -  США 
 В ролях -  Хоакин Феникс, Скарлетт Йоханссон, Эми Адамс, Руни Мара, ...
   Теодор - одинокий писатель, покупает новую техническую разработку - операционную систему, призванную исполнять любое желание пользователя. К удивлению Теодора, вскоре между ним и операционной системой
"
119,Маленькие женщины (2019),https://topnaroda.com/rating/kino/37161-top-100-filmov-vseh-vremen.html,"
 Жанр -  драма, мелодрама ...
 Страна -  США 
 В ролях -  Сирша Ронан, Эмма Уотсон, Флоренс Пью, Элайза Сканлен, Лора ...
   История взросления четырёх непохожих друг на друга сестер. Где-то бушует Гражданская война, но проблемы, с которыми сталкиваются девушки, актуальны как никогда: первая любовь, горькое разочарование,
"
120,Дело храбрых (2017),https://topnaroda.com/rating/kino/37161-top-100-filmov-vseh-vremen.html,"
 Жанр -  боевик, драма, биография ...
 Страна -  США 
 В ролях -  Джош Бролин, Майлз Теллер, Джефф Бриджес, Джеймс Бэдж Дэйл, ...
   История о команде пожарных под названием Granite Mountain Hotshots, столкнувшихся в Аризоне с одним из самых смертоносных пожаров в истории....
"
121,Полночь в Париже (2011),https://topnaroda.com/rating/kino/37161-top-100-filmov-vseh-vremen.html,"
 Жанр -  фэнтези, мелодрама, комедия ...
 Страна -  США, Испания 
 В ролях -  Оуэн Уилсон, Марион Котийяр, Рэйчел МакАдамс, Майкл Шин, ...
   Писатель и безнадежный романтик, уверенный в том, что должен был жить в 1920-е годы, приезжает в Париж со своей возлюбленной на каникулы и попадает в прошлое. Встречаясь там с Хемингуэем, Пикассо, супругами
"
122,Парк Юрского периода (1993),https://topnaroda.com/rating/kino/37161-top-100-filmov-vseh-vremen.html,"
 Жанр -  приключения, фантастика, семейный ...
 Страна -  США 
 В ролях -  Сэм Нил, Лора Дерн, Джефф Голдблюм, Ричард Аттенборо, ...
   Экспансивный богач и профессор уговаривает двух палеонтологов приехать на остров у побережья Коста-Рики, где он устроил парк Юрского периода. Парк населен давно вымершими динозаврами, воссозданными профессором
"
123,Мой парень - псих (2012),https://topnaroda.com/rating/kino/37161-top-100-filmov-vseh-vremen.html,"
 Жанр -  драма, мелодрама, комедия ...
 Страна -  США 
 В ролях -  Брэдли Купер, Дженнифер Лоуренс, Роберт Де Ниро, Джеки ...
   Бывший школьный учитель Пэт, проведя в психиатрической больнице восемь месяцев, возвращается в родительский дом. Он одержим мыслью помириться с бывшей супругой, к которой не имеет права приближаться по решению
"
124,Перл-Харбор (2001),https://topnaroda.com/rating/kino/37161-top-100-filmov-vseh-vremen.html,"
 Жанр -  военный, драма, боевик, мелодрама, история ...
 Страна -  США 
 В ролях -  Бен Аффлек, Джош Хартнетт, Кейт Бекинсейл, Кьюба Гудинг ...
   Мирная жизнь двух друзей-летчиков рушится в одночасье, когда японская авиация совершает внезапное нападение на военную базу США в Пёрл-Харборе....
"
125,Дом Gucci (2021),https://topnaroda.com/rating/kino/37161-top-100-filmov-vseh-vremen.html,"
 Жанр -  биография, драма, криминал, триллер ...
 Страна -  США, Канада 
 В ролях -  Леди Гага, Адам Драйвер, Джаред Лето, Джереми Айронс, Джек ...
   Милан, 1978 год. Девушка из небогатой семьи Патриция Реджани на вечеринке знакомится с Маурицио Гуччи, нерешительным наследником знаменитого модного дома. Несмотря на неодобрение его отца Родольфо и отлучение
"
126,РЭД (2010),https://topnaroda.com/rating/kino/37161-top-100-filmov-vseh-vremen.html,"
 Жанр -  боевик, триллер, комедия, криминал ...
 Страна -  США, Китай 
 В ролях -  Брюс Уиллис, Джон Малкович, Морган Фриман, Хелен Миррен, ...
   Фрэнк Мозес, экс-агент супергруппы ЦРУ, живет теперь мирной и тихой жизнью. Но прошлое настигает его: как-то утром загадочный киллер пытается лишить его жизни. Опытный Фрэнк, конечно, сумел увернуться от пули,
"
127,8 миля (2002),https://topnaroda.com/rating/kino/37161-top-100-filmov-vseh-vremen.html,"
 Жанр -  драма, музыка ...
 Страна -  США 
 В ролях -  Эминем, Ким Бейсингер, Бриттани Мерфи, Мекхай Файфер, Ивэн ...
   Детройт, 1995 год. Блестящая и многообещающая политика индустриального развития города терпит крах и приводит к хаосу и неразберихе, что в результате выливается в один из самых серьезных в американской истории
"
128,Сокровище нации (2004),https://topnaroda.com/rating/kino/37161-top-100-filmov-vseh-vremen.html,"
 Жанр -  боевик, триллер, детектив, приключения ...
 Страна -  США 
 В ролях -  Николас Кейдж, Дайан Крюгер, Джастин Барта, Шон Бин, Джон ...
   Современные охотники за сокровищами во главе с Беном Франклином Гейтсом узнают старинную легенду о сокровище, спрятанном еще отцами-основателями американского государства Джорджем Вашингтоном, Бенджамином
"
129,Хорошо быть тихоней (2012),https://topnaroda.com/rating/kino/37161-top-100-filmov-vseh-vremen.html,"
 Жанр -  драма, мелодрама ...
 Страна -  США 
 В ролях -  Логан Лерман, Эмма Уотсон, Эзра Миллер, Нина Добрев, Дилан ...
   История о Чарли, ученике старшей школы в Питтсбурге, стеснительном и непопулярном. На наших глазах Чарли взрослеет, меняется круг его общения, меняется его мнение о мире....
"
130,Мы из будущего (2008),https://topnaroda.com/rating/kino/37161-top-100-filmov-vseh-vremen.html,"
 Жанр -  фантастика, боевик, приключения, военный, история ...
 Страна -  Россия 
 В ролях -  Данила Козловский, Дмитрий Волкострелов, Владимир Яглыч, ...
   Действие картины разворачивается в двух временных пластах: в наши дни и в годы войны, во время тяжелых оборонительных боев августа 1942-го. Главные герои ленты – четверо «черных следопытов» (людей этой
"
131,Тупой и еще тупее (1994),https://topnaroda.com/rating/kino/37161-top-100-filmov-vseh-vremen.html,"
 Жанр -  комедия ...
 Страна -  США 
 В ролях -  Джим Керри, Джефф Дэниелс, Лорен Холли, Майк Старр, Карен ...
   Два полных придурка Ллойд Крисмас и Харри Данн пытаются нагнать красивую девушку Мэри Суонсон, чтобы вручить ей оставленный ею в аэропорту чемоданчик. Им невдомек, что Мэри оставила его специально, в качестве
"
132,Одержимость (2004),https://topnaroda.com/rating/kino/37161-top-100-filmov-vseh-vremen.html,"
 Жанр -  триллер, драма, мелодрама, детектив ...
 Страна -  США 
 В ролях -  Джош Хартнетт, Роуз Бирн, Мэттью Лиллард, Дайан Крюгер, ...
   Накануне важной деловой поездки молодой преуспевающий финансист Мэтью замечает в ресторане свою бывшую возлюбленную Лизу, которая таинственным образом исчезла два года назад и страстью к которой он все еще
"
133,Нокдаун (2005),https://topnaroda.com/rating/kino/37161-top-100-filmov-vseh-vremen.html,"
 Жанр -  драма, мелодрама, биография, история, спорт ...
 Страна -  США 
 В ролях -  Рассел Кроу, Рене Зеллвегер, Пол Джаматти, Крэйг Бирко, ...
   Потерпев несколько поражений кряду, подававший надежды боксёр-тяжеловес Джим Брэддок вынужден бросить спорт. Во времена Великой депрессии Брэддок берётся за любую работу, чтобы прокормить свою жену Мэй и
"
134,Грязные танцы (1987),https://topnaroda.com/rating/kino/37161-top-100-filmov-vseh-vremen.html,"
 Жанр -  драма, мелодрама, музыка ...
 Страна -  США 
 В ролях -  Дженнифер Грей, Патрик Суэйзи, Джерри Орбак, Синтия Роудс, ...
   Лето 1963 года. 17-летняя Фрэнсис по прозвищу Бэби проводит каникулы с родителями в курортном отеле, где знакомится с Джонни, красивым профессиональным танцором. Словно околдованная сексуальными ритмами и
"
135,Клаус (2019),https://topnaroda.com/rating/kino/37161-top-100-filmov-vseh-vremen.html,"
 Жанр -  мультфильм, семейный, комедия, приключения ...
 Страна -  Испания, Великобритания, США 
 В ролях -  Джейсон Шварцман, Дж.К. Симмонс, Джоан Кьюсак, Рашида ...
   Владелец почтовой империи, чтобы научить ленивого отпрыска по имени Джеспер уму-разуму, отправляет его на крайний север в город Смиренсбург. Тот должен организовать там почтовое отделение и за год обработать
"
136,Амели (2001),https://topnaroda.com/rating/kino/37161-top-100-filmov-vseh-vremen.html,"
 Жанр -  мелодрама, комедия ...
 Страна -  Франция, Германия 
 В ролях -  Одри Тоту, Матьё Кассовиц, Рюфюс, Лорелла Кравотта, Серж ...
   Знаете ли вы, что все события, происходящие в нашем мире, даже самые незначительные, взаимосвязаны самым удивительным и чудесным образом? Как полет крошечной мухи может вызвать где-то далеко мощный ураган, так
"
137,Начало (2010),https://topnaroda.com/rating/kino/37161-top-100-filmov-vseh-vremen.html,"
 Жанр -  фантастика, боевик, триллер, драма, детектив ...
 Страна -  США, Великобритания 
 В ролях -  Леонардо ДиКаприо, Джозеф Гордон-Левитт, Эллиот Пейдж, Том ...
   Кобб – талантливый вор, лучший из лучших в опасном искусстве извлечения: он крадет ценные секреты из глубин подсознания во время сна, когда человеческий разум наиболее уязвим. Редкие способности Кобба сделали
"
138,Операция «Ы» и другие приключения Шурика (1965),https://topnaroda.com/rating/kino/37161-top-100-filmov-vseh-vremen.html,"
 Жанр -  комедия, мелодрама, криминал ...
 Страна -  СССР 
 В ролях -  Александр Демьяненко, Наталья Селезнёва, Алексей Смирнов, ...
   Студент Шурик попадает в самые невероятные ситуации: сражается с хулиганом Верзилой, весьма оригинальным способом готовится к экзамену и предотвращает «ограбление века», на которое идёт троица бандитов -
"
139,Мстители (2012),https://topnaroda.com/rating/kino/37161-top-100-filmov-vseh-vremen.html,"
 Жанр -  фантастика, боевик, фэнтези, приключения ...
 Страна -  США 
 В ролях -  Роберт Дауни мл., Крис Эванс, Марк Руффало, Крис Хемсворт, ...
   Локи, сводный брат Тора, возвращается, и в этот раз он не один. Земля оказывается на грани порабощения, и только лучшие из лучших могут спасти человечество. Глава международной организации Щ.И.Т. Ник Фьюри
"
140,Дэдпул (2016),https://topnaroda.com/rating/kino/37161-top-100-filmov-vseh-vremen.html,"
 Жанр -  фантастика, боевик, комедия, приключения ...
 Страна -  США 
 В ролях -  Райан Рейнольдс, Морена Баккарин, Эд Скрейн, ТиДжей Миллер, ...
   Уэйд Уилсон - наёмник. Будучи побочным продуктом программы вооружённых сил под названием «Оружие X», Уилсон приобрёл невероятную силу, проворство и способность к исцелению. Но страшной ценой: его клеточная
"
141,Легенда (2015),https://topnaroda.com/rating/kino/37161-top-100-filmov-vseh-vremen.html,"
 Жанр -  криминал, триллер, драма ...
 Страна -  Великобритания, Франция, США 
 В ролях -  Том Харди, Эмили Браунинг, Дэвид Тьюлис, Даффи, Кристофер ...
   Фильм расскажет историю близнецов Реджи и Ронни Крэй, культовых фигур преступного мира Великобритании 1960-х. Братья возглавляли самую влиятельную бандитскую группировку Ист-Энда. В их послужном списке:
"
142,Джентльмены удачи (1971),https://topnaroda.com/rating/kino/37161-top-100-filmov-vseh-vremen.html,"
 Жанр -  комедия, драма, криминал, детектив ...
 Страна -  СССР 
 В ролях -  Евгений Леонов, Георгий Вицин, Раднэр Муратов, Савелий ...
   Заведующему детсадом Трошкину фатально не повезло: он оказался как две капли воды похож на бандита по кличке «Доцент», похитившего уникальный шлем Александра Македонского. Милиция внедряет добряка Трошкина в
"
143,"Поймай меня, если сможешь (2002)",https://topnaroda.com/rating/kino/37161-top-100-filmov-vseh-vremen.html,"
 Жанр -  криминал, биография, комедия ...
 Страна -  США, Канада 
 В ролях -  Леонардо ДиКаприо, Том Хэнкс, Кристофер Уокен, Мартин Шин, ...
   Фрэнк Эбегнейл успел поработать врачом, адвокатом и пилотом на пассажирской авиалинии – и все это до достижения полного совершеннолетия в 21 год. Мастер в обмане и жульничестве, он также обладал искусством
"
144,Лига справедливости Зака Снайдера (2021),https://topnaroda.com/rating/kino/37161-top-100-filmov-vseh-vremen.html,"
 Жанр -  фантастика, боевик, фэнтези ...
 Страна -  США 
 В ролях -  Бен Аффлек, Галь Гадот, Генри Кавилл, Джейсон Момоа, Эзра ...
   Вдохновившись самопожертвованием Супермена, Брюс Уэйн вновь обретает веру в человечество. Он заручается поддержкой новой союзницы Дианы Принс, чтобы сразиться с ещё более могущественным противником. Бэтмен и
"
145,Иллюзия обмана (2013),https://topnaroda.com/rating/kino/37161-top-100-filmov-vseh-vremen.html,"
 Жанр -  криминал, триллер, детектив ...
 Страна -  США, Франция 
 В ролях -  Мелани Лоран, Морган Фриман, Майкл Кейн, Джесси Айзенберг, ...
   Команда лучших иллюзионистов мира проворачивает дерзкие ограбления прямо во время своих шоу, играя в кошки-мышки с агентами ФБР....
"
146,Исчезнувшая (2014),https://topnaroda.com/rating/kino/37161-top-100-filmov-vseh-vremen.html,"
 Жанр -  триллер, драма, детектив ...
 Страна -  США 
 В ролях -  Бен Аффлек, Розамунд Пайк, Нил Патрик Харрис, Тайлер Перри, ...
   Всё было готово для празднования пятилетия супружеской жизни, когда вдруг необъяснимо пропала виновница торжества. Остались следы борьбы в доме, кровь, которую явно пытались стереть, и цепочка подсказок в игре
"
147,Молчание ягнят (1990),https://topnaroda.com/rating/kino/37161-top-100-filmov-vseh-vremen.html,"
 Жанр -  триллер, детектив, криминал, драма, ужасы ...
 Страна -  США 
 В ролях -  Джоди Фостер, Энтони Хопкинс, Брук Смит, Скотт Гленн, Тед ...
   Психопат похищает и убивает молодых женщин по всему Среднему Западу. ФБР, уверенное, что все преступления совершены одним и тем же человеком, поручает агенту Клариссе Старлинг встретиться с
"
148,Маска (1994),https://topnaroda.com/rating/kino/37161-top-100-filmov-vseh-vremen.html,"
 Жанр -  комедия, фэнтези, криминал ...
 Страна -  США 
 В ролях -  Джим Керри, Кэмерон Диас, Питер Ригерт, Питер Грин, Эми ...
   Скромный и застенчивый служащий банка чувствует себя неуверенно с красивыми девушками и вообще рядом с людьми. Волей судьбы к нему попадает волшебная маска, и Стенли Ипкис приобретает способность превращаться
"
149,Великий Гэтсби (2013),https://topnaroda.com/rating/kino/37161-top-100-filmov-vseh-vremen.html,"
 Жанр -  драма, мелодрама ...
 Страна -  Австралия, США 
 В ролях -  Леонардо ДиКаприо, Тоби Магуайр, Кэри Маллиган, Джоэл ...
   Весной 1922 года, в эпоху разлагающейся морали, блистательного джаза и «королей контрабандного алкоголя», Ник Каррауэй приезжает из Среднего Запада в Нью-Йорк. Преследуя собственную американскую мечту, он
"
150,Выживший (2015),https://topnaroda.com/rating/kino/37161-top-100-filmov-vseh-vremen.html,"
 Жанр -  приключения, вестерн, боевик, драма, биография ...
 Страна -  США, Гонконг, Тайвань 
 В ролях -  Леонардо ДиКаприо, Том Харди, Донал Глисон, Уилл Поултер, ...
   Охотник Хью Гласс серьезно ранен на неизведанных просторах американского Дикого Запада. Товарищ Хью по отряду покорителей новых земель Джон Фицжеральд предательски оставляет его умирать в одиночестве. Теперь у
"
151,Игра (1997),https://topnaroda.com/rating/kino/37161-top-100-filmov-vseh-vremen.html,"
 Жанр -  триллер, драма, детектив, приключения ...
 Страна -  США 
 В ролях -  Майкл Дуглас, Шон Пенн, Дебора Кара Ангер, Джеймс Ребхорн, ...
   Николас Ван Ортон - само воплощение успеха. Он преуспевает, он невозмутим и спокоен, привык держать любую ситуацию под контролем. На день рождения Николас получает необычный подарок - билет для участия в
"
152,По соображениям совести (2016),https://topnaroda.com/rating/kino/37161-top-100-filmov-vseh-vremen.html,"
 Жанр -  драма, военный, биография, история ...
 Страна -  Австралия, США 
 В ролях -  Эндрю Гарфилд, Сэм Уортингтон, Тереза Палмер, Люк Брейси, ...
   Медик американской армии времён Второй мировой войны Дезмонд Досс, который служил во время битвы за Окинаву, отказывается убивать людей и становится первым идейным уклонистом в американской истории,
"
153,Голодные игры (2012),https://topnaroda.com/rating/kino/37161-top-100-filmov-vseh-vremen.html,"
 Жанр -  фантастика, боевик, триллер, приключения ...
 Страна -  США 
 В ролях -  Дженнифер Лоуренс, Джош Хатчерсон, Лиам Хемсворт, Вуди ...
   Будущее. Деспотичное государство ежегодно устраивает показательные игры на выживание, за которыми в прямом эфире следит весь мир. Жребий участвовать в Играх выпадает юной Китнисс и тайно влюбленному в нее
"
154,Дурак (2014),https://topnaroda.com/rating/kino/37161-top-100-filmov-vseh-vremen.html,"
 Жанр -  драма ...
 Страна -  Россия 
 В ролях -  Артём Быстров, Наталья Суркова, Юрий Цурило, Борис ...
   Жизни 800 человек общежития висят буквально на волоске из-за безразличия местных властей. В любую секунду здание может рухнуть. И кто бы мог подумать, что судьбы людей окажутся в руках простого сантехника. Но
"
155,Крестный отец (1972),https://topnaroda.com/rating/kino/37161-top-100-filmov-vseh-vremen.html,"
 Жанр -  драма, криминал ...
 Страна -  США 
 В ролях -  Марлон Брандо, Аль Пачино, Джеймс Каан, Роберт Дювалл, ...
   Криминальная сага, повествующая о нью-йоркской сицилийской мафиозной семье Корлеоне. Фильм охватывает период 1945-1955 годов. Глава семьи, Дон Вито Корлеоне, выдаёт замуж свою дочь. В это время со Второй
"
156,Человек-паук: Нет пути домой (2021),https://topnaroda.com/rating/kino/37161-top-100-filmov-vseh-vremen.html,"
 Жанр -  фантастика, боевик, приключения, фэнтези ...
 Страна -  США 
 В ролях -  Том Холланд, Зендея, Бенедикт Камбербэтч, Мариса Томей, ...
   Жизнь и репутация Питера Паркера оказываются под угрозой, поскольку Мистерио раскрыл всему миру тайну личности Человека-паука. Пытаясь исправить ситуацию, Питер обращается за помощью к Стивену Стрэнджу, но
"
157,Одержимость (2013),https://topnaroda.com/rating/kino/37161-top-100-filmov-vseh-vremen.html,"
 Жанр -  драма, музыка ...
 Страна -  США 
 В ролях -  Майлз Теллер, Дж.К. Симмонс, Пол Райзер, Мелисса Бенойст, ...
   Эндрю мечтает стать великим. Казалось бы, вот-вот его мечта осуществится. Юношу замечает настоящий гений, дирижер лучшего в стране оркестра. Желание Эндрю добиться успеха быстро становится одержимостью, а
"
158,Реквием по мечте (2000),https://topnaroda.com/rating/kino/37161-top-100-filmov-vseh-vremen.html,"
 Жанр -  драма ...
 Страна -  США 
 В ролях -  Джаред Лето, Марлон Уайанс, Дженнифер Коннелли, Эллен ...
   Каждый стремится к своей заветной мечте. Сара Голдфарб мечтала сняться в известном телешоу, ее сын Гарольд с другом Тайроном - сказочно разбогатеть, подруга Гарольда Мэрион грезила о собственном модном
"
159,Движение вверх (2017),https://topnaroda.com/rating/kino/37161-top-100-filmov-vseh-vremen.html,"
 Жанр -  спорт, драма ...
 Страна -  Россия 
 В ролях -  Владимир Машков, Андрей Смоляков, Иван Колесников, Кирилл ...
   Есть победы, которые меняют ход истории. Победы духа, победы страны, победы всего мира. Таким триумфом стали легендарные «три секунды» - выигрыш сборной СССР по баскетболу на роковой мюнхенской Олимпиаде 1972
"
160,Человек дождя (1988),https://topnaroda.com/rating/kino/37161-top-100-filmov-vseh-vremen.html,"
 Жанр -  драма ...
 Страна -  США 
 В ролях -  Дастин Хоффман, Том Круз, Валерия Голино, Джералд Р. Молен, ...
   Грубоватому и эгоистичному молодому человеку Чарли в наследство от отца достались лишь розовые кусты да «Бьюик» 1949 года, а львиная доля наследства уходит его брату-аутисту Раймонду. Задавшись целью отобрать
"
161,Чёрный лебедь (2010),https://topnaroda.com/rating/kino/37161-top-100-filmov-vseh-vremen.html,"
 Жанр -  драма, триллер ...
 Страна -  США 
 В ролях -  Натали Портман, Мила Кунис, Венсан Кассель, Барбара Херши, ...
   У примы балетного театра неожиданно появляется опасная конкурентка, способная отобрать у неё все партии. Соперничество усиливается по мере приближения ответственного выступления....
"
162,Социальная сеть (2010),https://topnaroda.com/rating/kino/37161-top-100-filmov-vseh-vremen.html,"
 Жанр -  драма, биография ...
 Страна -  США 
 В ролях -  Джесси Айзенберг, Эндрю Гарфилд, Джастин Тимберлейк, Арми ...
   В фильме рассказывается история создания одной из самых популярных в Интернете социальных сетей - Facebook. Оглушительный успех этой сети среди пользователей по всему миру навсегда изменил жизнь
"
163,В джазе только девушки (1959),https://topnaroda.com/rating/kino/37161-top-100-filmov-vseh-vremen.html,"
 Жанр -  мелодрама, комедия, криминал, музыка ...
 Страна -  США 
 В ролях -  Мэрилин Монро, Тони Кертис, Джек Леммон, Джордж Рафт, Пэт ...
   Когда чикагские музыканты Джо и Джерри случайно становятся свидетелями бандитской перестрелки, они в срочном порядке смываются на поезде во Флориду, прикинувшись женщинами. Теперь они - Джозефина и Дафна,
"
164,Огонь (2020),https://topnaroda.com/rating/kino/37161-top-100-filmov-vseh-vremen.html,"
 Жанр -  драма, боевик ...
 Страна -  Россия 
 В ролях -  Константин Хабенский, Иван Янковский, Стася Милославская, ...
   После гибели подчинённого бывалый инструктор бригады пожарных Алексей Соколов хотел было уволиться, но лето в России - жаркая пора. Взяв в команду шестым нахального новичка, парня своей дочери, Соколов
"
165,Запах женщины (1992),https://topnaroda.com/rating/kino/37161-top-100-filmov-vseh-vremen.html,"
 Жанр -  драма ...
 Страна -  США 
 В ролях -  Аль Пачино, Крис О'Доннелл, Джеймс Ребхорн, Габриель Анвар, ...
   Наступил День благодарения, и отставной полковник разведки Фрэнк Слэйд решает справить праздник, побаловав себя поездкой в Нью-Йорк. Фрэнк хочет обставить свой последний «коронный выход» по высшему разряду:
"
166,Малышка на миллион (2004),https://topnaroda.com/rating/kino/37161-top-100-filmov-vseh-vremen.html,"
 Жанр -  драма, спорт ...
 Страна -  США 
 В ролях -  Клинт Иствуд, Хилари Суэнк, Морган Фриман, Джей Барушель, ...
   Тренеру по боксу Фрэнку Данну так и не удалось воспитать чемпиона. Он владеет спортивным залом в Лос-Анджелесе, где всё ещё проводит тренировки. Дочь не отвечает на его письма, а его лучший боец подписал
"
167,Сияние (1980),https://topnaroda.com/rating/kino/37161-top-100-filmov-vseh-vremen.html,"
 Жанр -  триллер, драма, ужасы, детектив ...
 Страна -  США, Великобритания 
 В ролях -  Джек Николсон, Шелли Дювалл, Дэнни Ллойд, Скэтмэн Крозерс, ...
   Джек Торренс с женой и сыном приезжает в элегантный отдалённый отель, чтобы работать смотрителем во время мертвого сезона. Торренс здесь раньше никогда не бывал. Или это не совсем так? Ответ лежит во мраке,
"
168,Пока не сыграл в ящик (2007),https://topnaroda.com/rating/kino/37161-top-100-filmov-vseh-vremen.html,"
 Жанр -  драма, комедия, приключения ...
 Страна -  США 
 В ролях -  Джек Николсон, Морган Фриман, Шон Хейс, Беверли Тодд, Роб ...
   Именно так решили два больных раком соседа по больничной палате, когда услышали свой приговор. Один из них вспыльчивый миллиардер, а второй эрудированный автомеханик. Они составляют список дел, которые
"
169,Жизнь прекрасна (1997),https://topnaroda.com/rating/kino/37161-top-100-filmov-vseh-vremen.html,"
 Жанр -  военный, комедия, драма, мелодрама ...
 Страна -  Италия 
 В ролях -  Роберто Бениньи, Николетта Браски, Джорджио Кантарини, ...
   Во время Второй мировой войны из Италии в концлагерь были отправлены евреи - отец с маленьким сыном. Жена-итальянка добровольно последовала за ними. В лагере отец сказал мальчику, что всё происходящее вокруг
"
170,Красота по-американски (1999),https://topnaroda.com/rating/kino/37161-top-100-filmov-vseh-vremen.html,"
 Жанр -  драма ...
 Страна -  США 
 В ролях -  Кевин Спейси, Аннетт Бенинг, Тора Бёрч, Уэс Бентли, Мена ...
   Лестер Бернэм переживает кризис среднего возраста. Его не уважают и не ценят на работе, а от счастливой семьи осталась лишь видимость. У жены Кэролайн страстный роман с коллегой по работе, а угрюмая
"
171,Секс по дружбе (2011),https://topnaroda.com/rating/kino/37161-top-100-filmov-vseh-vremen.html,"
 Жанр -  мелодрама, комедия, драма ...
 Страна -  США 
 В ролях -  Джастин Тимберлейк, Мила Кунис, Патриша Кларксон, Дженна ...
   Главная героиня – сотрудник кадрового агентства, которую преследуют фобии в отношениях с обязательствами. Однако, эти проблемы оказываются надуманными, после того как она встречает редактора глянцевого
"
172,Другие (2001),https://topnaroda.com/rating/kino/37161-top-100-filmov-vseh-vremen.html,"
 Жанр -  ужасы, триллер, детектив ...
 Страна -  Испания, США, Франция, Италия 
 В ролях -  Николь Кидман, Финола Флэнаган, Кристофер Экклстон, Алакина ...
   Грейс прячет своих детей в уединенном особняке на острове, где семейство дожидается окончания Второй мировой войны. Войны, с которой должен вернуться муж Грейс. Её дочь и сын страдают странным заболеванием,
"
173,Основатель (2016),https://topnaroda.com/rating/kino/37161-top-100-filmov-vseh-vremen.html,"
 Жанр -  биография, драма ...
 Страна -  США, Греция 
 В ролях -  Майкл Китон, Ник Офферман, Джон Кэрролл Линч, Линда ...
   История жизни Рэя Крока, человека создавшего самую известную в мире сеть ресторанов быстрого обслуживания - McDonald`s....
"
174,Платформа (2019),https://topnaroda.com/rating/kino/37161-top-100-filmov-vseh-vremen.html,"
 Жанр -  фантастика, триллер, драма ...
 Страна -  Испания 
 В ролях -  Иван Массаге, Сорион Эгилеор, Антония Сан Хуан, Эмилио ...
   Горен соглашается на участие в некоем эксперименте и вскоре приходит в себя в почти пустой комнате уровня 48, где имеются большие прямоугольные отверстия в полу и потолке. На каждом уровне находятся два
"
175,Воин (2011),https://topnaroda.com/rating/kino/37161-top-100-filmov-vseh-vremen.html,"
 Жанр -  драма, спорт ...
 Страна -  США 
 В ролях -  Джоэл Эдгертон, Том Харди, Ник Нолти, Дженнифер Моррисон, ...
   Томми Конлон - молодой боец, вернувшийся домой после долгого отсутствия, чтобы приготовиться к участию в большом турнире. Отец-пьяница, в прошлом талантливый боксер, берется тренировать сына....
"
176,Зов предков (2020),https://topnaroda.com/rating/kino/37161-top-100-filmov-vseh-vremen.html,"
 Жанр -  драма, приключения, семейный ...
 Страна -  США, Канада 
 В ролях -  Харрисон Форд, Омар Си, Кара Ги, Дэн Стивенс, Брэдли ...
   История Бака, дружелюбного пса, чья размеренная домашняя жизнь перевернулась с ног на голову во времена золотой лихорадки в 1880-х, когда его вырвали из дома в Калифорнии и перевезли в дикую и холодную Аляску.
"
177,"Значит, война (2012)",https://topnaroda.com/rating/kino/37161-top-100-filmov-vseh-vremen.html,"
 Жанр -  боевик, мелодрама, комедия ...
 Страна -  США 
 В ролях -  Том Харди, Крис Пайн, Риз Уизерспун, Тиль Швайгер, Челси ...
   Агенты ЦРУ и в то же время лучшие друзья Франклин Фостер и Так Хенсон отправляются в Гонконг, чтобы поймать международного преступника Генриха, который владеет оружием массового уничтожения. В ходе миссии брат
"
178,…А в душе я танцую (2004),https://topnaroda.com/rating/kino/37161-top-100-filmov-vseh-vremen.html,"
 Жанр -  драма, комедия, мелодрама ...
 Страна -  Великобритания, Ирландия, Франция 
 В ролях -  Джеймс МакЭвой, Стивен Робертсон, Ромола Гарай, Джерард ...
   Майклу 24 года, и почти всю свою жизнь он провел в доме для инвалидов, куда попал с церебральным параличом. Он знакомится с новым пациентом клиники - Рори О'Ши, которого приковала к инвалидной коляске мышечная
"
179,Кокаин (2001),https://topnaroda.com/rating/kino/37161-top-100-filmov-vseh-vremen.html,"
 Жанр -  криминал, биография, драма ...
 Страна -  США, Мексика 
 В ролях -  Джонни Депп, Пенелопа Крус, Франка Потенте, Рэйчел ...
   Джордж Джанг, обыкновенный парень из пригорода, решил осуществить американскую мечту своим способом - стать первым американцем, импортирующим кокаин в больших объемах. Он создал рынок сбыта, подсадив на кокаин
"
180,Аритмия (2017),https://topnaroda.com/rating/kino/37161-top-100-filmov-vseh-vremen.html,"
 Жанр -  мелодрама, драма ...
 Страна -  Россия 
 В ролях -  Александр Яценко, Ирина Горбачева, Николай Шрайбер, Максим ...
   Олег - талантливый врач, работает на «скорой», которая мчится от пациента к пациенту. Олег знает: его приезд может изменить всё. Каждый его успех делает мир лучше. Самое важное - там, где он пытается совершить
"
181,Авиатор (2004),https://topnaroda.com/rating/kino/37161-top-100-filmov-vseh-vremen.html,"
 Жанр -  драма, биография ...
 Страна -  США, Германия 
 В ролях -  Леонардо ДиКаприо, Кейт Бланшетт, Мэтт Росс, Джон Си Райли, ...
   Получив от отца небольшую фабрику, Говард Хьюз превратил ее в гигантское, фантастически прибыльное предприятие. Став владельцем огромной кинокомпании, он снял самый дорогой для своего времени фильм и покорил
"
182,Эверест (2015),https://topnaroda.com/rating/kino/37161-top-100-filmov-vseh-vremen.html,"
 Жанр -  боевик, триллер, драма, приключения, биография ...
 Страна -  Великобритания, США, Исландия 
 В ролях -  Джейсон Кларк, Джош Бролин, Джейк Джилленхол, Сэм ...
   Эверест - великая неприступная гора, покорить вершину которой мечтают многие профессиональные альпинисты. Одна из экспедиций на ее вершину закончилась настоящей трагедией, однако этот факт не останавливает
"
183,50 первых поцелуев (2004),https://topnaroda.com/rating/kino/37161-top-100-filmov-vseh-vremen.html,"
 Жанр -  комедия, мелодрама, драма ...
 Страна -  США 
 В ролях -  Адам Сэндлер, Дрю Бэрримор, Роб Шнайдер, Шон Эстин, Люсия ...
   Генри Рот влюбляется в очаровательную Люси. Несмотря на небольшие помехи, уже к вечеру настойчивому Ромео удается добиться взаимности красавицы. Молодые люди счастливы и уверены, что их любовь продлится вечно.
"
184,Брестская крепость (2010),https://topnaroda.com/rating/kino/37161-top-100-filmov-vseh-vremen.html,"
 Жанр -  военный, боевик, драма, история ...
 Страна -  Беларусь, Россия 
 В ролях -  Алексей Копашов, Андрей Мерзликин, Павел Деревянко, ...
   История о героической обороне Брестской крепости, которая приняла на себя первый удар немецко-фашистских захватчиков 22 июня 1941 года. Рассказ о трёх главных очагах сопротивления, возглавляемых командиром
"
185,Рождественская история (2009),https://topnaroda.com/rating/kino/37161-top-100-filmov-vseh-vremen.html,"
 Жанр -  мультфильм, фэнтези, драма, комедия, приключения, ...
 Страна -  США 
 В ролях -  Джим Керри, Гари Олдман, Колин Фёрт, Кэри Элвес, Робин ...
   Это викторианская поучительная история о старом и ожесточившемся скупердяе Эбенезере Скрудже, который в течение одной ночи переживает испытание глубокого очищения. Мистер Скрудж - финансист/денежный меняла,
"
186,В диких условиях (2007),https://topnaroda.com/rating/kino/37161-top-100-filmov-vseh-vremen.html,"
 Жанр -  драма, приключения, биография ...
 Страна -  США 
 В ролях -  Эмиль Хирш, Хэл Холбрук, Марша Гей Харден, Уильям Хёрт, ...
   После окончания колледжа Эмори один из его ведущих студентов и атлетов Кристофер МакКэндлесс оставляет все свое имущество, отдает накопленные за время учебы 24 тыс. долларов в благотворительный фонд, и
"
187,Мстители: Финал (2019),https://topnaroda.com/rating/kino/37161-top-100-filmov-vseh-vremen.html,"
 Жанр -  фантастика, боевик, драма, приключения ...
 Страна -  США 
 В ролях -  Роберт Дауни мл., Крис Эванс, Марк Руффало, Крис Хемсворт, ...
   Оставшиеся в живых члены команды Мстителей и их союзники должны разработать новый план, который поможет противостоять разрушительным действиям могущественного титана Таноса. После наиболее масштабной и
"
188,Довод (2020),https://topnaroda.com/rating/kino/37161-top-100-filmov-vseh-vremen.html,"
 Жанр -  фантастика, боевик, триллер, приключения ...
 Страна -  Великобритания, США 
 В ролях -  Джон Дэвид Вашингтон, Роберт Паттинсон, Элизабет Дебики, ...
   После теракта в киевском оперном театре агент ЦРУ объединяется с британской разведкой, чтобы противостоять русскому олигарху, который сколотил состояние на торговле оружием. Для этого агенты используют
"
189,Человек-паук (2002),https://topnaroda.com/rating/kino/37161-top-100-filmov-vseh-vremen.html,"
 Жанр -  фантастика, боевик, приключения ...
 Страна -  США 
 В ролях -  Тоби Магуайр, Уиллем Дефо, Кирстен Данст, Джеймс Франко, ...
   Питер Паркер – обыкновенный школьник. Однажды он отправился с классом на экскурсию, где его кусает странный паук-мутант. Через время парень почувствовал в себе нечеловеческую силу и ловкость в движении, а
"
190,Бэтмен: Начало (2005),https://topnaroda.com/rating/kino/37161-top-100-filmov-vseh-vremen.html,"
 Жанр -  боевик, фантастика, приключения, драма ...
 Страна -  Великобритания, США 
 В ролях -  Кристиан Бэйл, Кэти Холмс, Майкл Кейн, Киллиан Мёрфи, Том ...
   В детстве юный наследник огромного состояния Брюс Уэйн оказался свидетелем убийства своих родителей, и тогда он решил бороться с преступностью. Спустя годы он отправляется в путешествие по миру, чтобы найти
"
191,Мальчик в полосатой пижаме (2008),https://topnaroda.com/rating/kino/37161-top-100-filmov-vseh-vremen.html,"
 Жанр -  драма, военный, история ...
 Страна -  Великобритания, США 
 В ролях -  Эйса Баттерфилд, Джек Скэнлон, Дэвид Тьюлис, Вера Фармига, ...
   История, происходящая во время Второй мировой войны и показанная сквозь глаза невинного и ничего не подозревающего о происходящих событиях Бруно, восьмилетнего сына коменданта концентрационного лагеря. Его
"
192,Невероятная жизнь Уолтера Митти (2013),https://topnaroda.com/rating/kino/37161-top-100-filmov-vseh-vremen.html,"
 Жанр -  комедия, приключения, фэнтези, драма, мелодрама ...
 Страна -  США, Великобритания 
 В ролях -  Бен Стиллер, Кристен Уиг, Адам Скотт, Ширли Маклейн, Кэтрин ...
   Уолтер Митти - сотрудник отдела иллюстраций журнала Life. Его работа - сплошная рутина, хотя в своих мечтах он уносится очень далеко. В присланных фотографом Шоном О'Коннелом негативах для обложки журнала не
"
193,Зависнуть в Палм-Спрингс (2020),https://topnaroda.com/rating/kino/37161-top-100-filmov-vseh-vremen.html,"
 Жанр -  комедия, мелодрама, фантастика ...
 Страна -  США, Гонконг 
 В ролях -  Энди Сэмберг, Кристин Милиоти, Дж.К. Симмонс, Питер ...
   9 ноября неподалёку от Палм-Спрингс идёт подготовка к свадьбе. Найлз, парень одной из подружек невесты, не торопится облачаться в смокинг - в шортах и гавайской рубашке он запрыгивает в бассейн и целый день
"
194,300 спартанцев (2007),https://topnaroda.com/rating/kino/37161-top-100-filmov-vseh-vremen.html,"
 Жанр -  боевик, драма ...
 Страна -  США, Канада, Болгария, Австралия 
 В ролях -  Джерард Батлер, Майкл Фассбендер, Винсент Риган, Дэвид ...
   Рассказ о кровопролитной битве при Фермопилах в 480 году до н. э., в которой триста отважных спартанцев во главе с царем Леонидом преградили путь многотысячной армии персидского царя Ксеркса....
"
195,Агенты А.Н.К.Л. (2015),https://topnaroda.com/rating/kino/37161-top-100-filmov-vseh-vremen.html,"
 Жанр -  боевик, комедия, приключения ...
 Страна -  США, Великобритания 
 В ролях -  Генри Кавилл, Арми Хаммер, Алисия Викандер, Элизабет ...
   Наполеон Соло - агент ЦРУ, на счету которого огромное количество успешно проведенных операций. Он считается одним из лучших секретных агентов во всем мире, и с ним может сравниться только один человек - самый
"
196,Гонка (2013),https://topnaroda.com/rating/kino/37161-top-100-filmov-vseh-vremen.html,"
 Жанр -  спорт, драма, биография ...
 Страна -  Великобритания, Германия, США 
 В ролях -  Крис Хемсворт, Даниэль Брюль, Оливия Уайлд, Александра ...
   70-е годы XX века. Золотое время «Формулы-1»: обтекаемые формы гоночных машин, брутальные на треке и ранимые в обычной жизни гонщики, сексуальные поклонницы, литры шампанского на финише для победителя… Два
"
197,Заклятие (2013),https://topnaroda.com/rating/kino/37161-top-100-filmov-vseh-vremen.html,"
 Жанр -  ужасы, детектив ...
 Страна -  США 
 В ролях -  Вера Фармига, Патрик Уилсон, Рон Ливингстон, Лили Тейлор, ...
   Эд и Лоррейн Уоррены - детективы, которые расследуют паранормальные дела. Однажды к ним обращается семья, страдающая от злого духа. Уоррены, вынужденные сражаться с могущественной демонической сущностью,
"
198,Мистер Нокаут (2022),https://topnaroda.com/rating/kino/37161-top-100-filmov-vseh-vremen.html,"
 Жанр -  спорт, драма ...
 Страна -  Россия 
 В ролях -  Виктор Хориняк, Сергей Безруков, Ангелина Стречина, Инга ...
   История жизни и приключений легендарного советского боксера Валерия Попенченко, чемпиона СССР, Европы и победителя Олимпийских игр 1964 года в Токио - о его детстве в суворовском училище в Ташкенте, о службе
"
199,Кинг Конг (2005),https://topnaroda.com/rating/kino/37161-top-100-filmov-vseh-vremen.html,"
 Жанр -  боевик, драма, мелодрама, приключения, фэнтези ...
 Страна -  США, Новая Зеландия, Германия 
 В ролях -  Наоми Уоттс, Эдриан Броуди, Джек Блэк, Томас Кречман, Энди ...
   В 1930-м году съемочная группа под предводительством режиссера-неудачника Карла Дэнхэма отправляется на загадочный Остров Черепа неподалеку от Суматры, чтобы изучать легенды о гигантской горилле по кличке
"
200,"Кавказская пленница, или Новые приключения Шурика (1966)",https://topnaroda.com/rating/kino/37161-top-100-filmov-vseh-vremen.html,"
 Жанр -  комедия, приключения, мелодрама, мюзикл ...
 Страна -  СССР 
 В ролях -  Александр Демьяненко, Наталья Варлей, Юрий Никулин, Георгий ...
   Отправившись в одну из горных республик собирать фольклор, студент Шурик влюбляется в симпатичную девушку Нину - спортсменку, отличницу, комсомолку и просто красавицу. Но её внезапно похищают банда их трёх
"
